metric,eligible_state_clusters,mean_base_to_donor_ncte,mean_donor_to_base_ncte,mean_symmetric_ncte,symmetric_ci95_low,symmetric_ci95_high,mean_directional_asymmetry,asymmetry_ci95_low,asymmetry_ci95_high,positive_state_fraction,p_two_sided_sign_flip,q_bh_within_metric_family,sign_flip_exact,flow_step,layer,action_position
all,15,8.367485757145313e-06,-1.8224691760813403e-05,-4.928603001834041e-06,-0.00010313862761108913,9.420447907859278e-05,0.00017303423221157757,9.235080905398648e-05,0.00026162783760754133,0.5333333333333333,0.9251708984375,0.9428493232484076,True,0,0,0
all,15,-9.187991821492444e-05,-5.593485001868327e-06,-4.8736701608396376e-05,-0.00012116250200294673,1.8231332462969368e-05,0.00022616626132127498,0.000168965952988206,0.0002851061483793127,0.5333333333333333,0.21075439453125,0.25164703824626866,True,0,0,1
all,15,-6.418876641397776e-05,-0.0001196016805958351,-9.189522350490641e-05,-0.00019543548160956501,1.290698131466548e-05,0.0003094170541884156,0.00021591128427086499,0.0004125576000916273,0.3333333333333333,0.11669921875,0.14362980769230768,True,0,0,2
all,15,-9.042896918794485e-05,-0.00012524280110243907,-0.00010783588514519196,-0.0002049011410954086,-1.3700552862340982e-05,0.000184002528359457,0.0001257739995979287,0.00024228877508928974,0.26666666666666666,0.05047607421875,0.06565993394308943,True,0,0,3
all,15,-5.015970616779718e-05,-3.400424749081194e-05,-4.208197682930456e-05,-0.00013168809682425952,3.907770249086225e-05,0.0002702640237181999,0.0001793036655115185,0.000364684686098419,0.4,0.40277099609375,0.45520191461267606,True,0,0,4
all,15,-0.0001105126682841585,-3.735446338196637e-05,-7.393356583306244e-05,-0.00015949855751330803,7.4155882830538e-06,0.0002136674955753055,0.00014961964030467807,0.0002891116110263075,0.3333333333333333,0.124267578125,0.15177719465648856,True,0,0,5
all,15,1.010383063188808e-05,5.771602369527461e-06,7.937716500707766e-06,-8.603031783285633e-05,0.00010208249466003163,0.00019695529004892695,0.00013440482525775487,0.0002682963286044623,0.6,0.870849609375,0.8989415322580645,True,0,0,6
all,15,-0.0001277114161261463,-5.69762626993621e-05,-9.234383941275421e-05,-0.00018394056979012288,-4.710551764433871e-06,0.00018562133120117748,0.00012188585500496569,0.00024638148374147596,0.4,0.07147216796875,0.09004367618110236,True,0,0,7
all,15,-1.3327137768877986e-05,-1.8547908582010573e-05,-1.593752317544428e-05,-9.128256755427709e-05,6.895699760100542e-05,0.00019217609701024536,0.00012156890352901005,0.00027420939924961083,0.26666666666666666,0.71307373046875,0.7606119791666667,True,0,0,8
all,15,1.6888712913417693e-05,-6.723754065453817e-05,-2.5174413870560236e-05,-0.0001062286088731008,5.844797819577886e-05,0.0002836073682954278,0.000177218393461004,0.00039142406347994924,0.4,0.57684326171875,0.6365167025862069,True,0,0,9
all,15,-5.591703824644786e-05,-5.3829945301666916e-05,-5.4873491774057384e-05,-0.00015043678973083774,5.376183622532346e-05,0.00030436813789612205,0.00021768213908696302,0.00039626433900391637,0.4,0.322998046875,0.3717963129496403,True,0,8,0
all,15,-9.029438262391572e-07,3.4857485966640425e-05,1.6977271070200635e-05,-7.944176607720863e-05,0.00011111339962456353,0.0002301682768583394,0.00017042511814292246,0.0002897432172457483,0.6,0.74334716796875,0.782470703125,True,0,8,1
all,15,-9.481330306774511e-05,0.000139890299625549,2.2538498278901948e-05,-7.090609649086687e-05,0.00011200579097210884,0.0002852189846584674,0.00019154893267055883,0.0003846965295348826,0.6666666666666666,0.642333984375,0.703927654109589,True,0,8,2
all,15,-3.2051034419498124e-05,-7.251497815984438e-06,-1.9651266117741283e-05,-0.00010269344935336173,6.383170171906402e-05,0.000283785379606228,0.00020276085124827723,0.00037921055751395796,0.4,0.65985107421875,0.7182052508503401,True,0,8,3
all,15,-1.3360765450832788e-05,5.4351648355619886e-05,2.0495441452393554e-05,-7.975874134748819e-05,0.00012943822118419612,0.0003676508963597287,0.00023218215260037062,0.0005677952974955428,0.4666666666666667,0.71136474609375,0.7606119791666667,True,0,8,4
all,15,-2.2220874081579784e-05,2.7653466643135192e-05,2.7162962807777107e-06,-7.271344666183845e-05,7.722689417695532e-05,0.00022006395557150303,0.00012531124986669276,0.0003336846843297813,0.4666666666666667,0.94818115234375,0.95367431640625,True,0,8,5
all,15,-4.177535587921316e-05,4.981391151386131e-05,4.019277817324066e-06,-8.465656282601691e-05,0.00010085050831029727,0.00022920679101313477,0.00016416586815101334,0.0003072923310746443,0.5333333333333333,0.93585205078125,0.9476982792721519,True,0,8,6
all,15,-3.0483609252633833e-05,-5.0276304304712645e-05,-4.037995677867323e-05,-0.00012938974641624773,4.2860111307074166e-05,0.0001454317374711863,9.064289198607131e-05,0.00020205104040333275,0.4666666666666667,0.39202880859375,0.44803292410714285,True,0,8,7
all,15,1.0943041063386647e-05,-2.1596673624699947e-05,-5.326816280656647e-06,-5.413381863042581e-05,4.556679781191002e-05,0.00023601733991314184,0.0001482323066555735,0.00034123317089679317,0.4,0.84185791015625,0.8746575689935064,True,0,8,8
all,15,-2.8184363607662177e-06,-2.551113559455179e-05,-1.4164785977658998e-05,-9.96185273857878e-05,6.443667057174676e-05,0.00021979040499102022,0.00015622442312086826,0.0002907029884446855,0.5333333333333333,0.7530517578125,0.7875051062091504,True,0,8,9
all,15,-8.121613031506302e-05,4.242543416095174e-05,-1.9395348077055636e-05,-0.0001137499059092862,8.710099863463689e-05,0.0003435324059983326,0.00025943586982685033,0.0004321925412417083,0.3333333333333333,0.72747802734375,0.7708376448675497,True,0,14,0
all,15,-7.04510551460414e-06,0.00018761624102103298,9.028556775321442e-05,-4.028207697463806e-05,0.00021928349881118712,0.00033195663397983364,0.0001845873703231789,0.0004962023853726855,0.6,0.20599365234375,0.24781191259398497,True,0,14,1
all,15,0.00020786740436788364,0.0005468401610801641,0.00037735378272402386,0.00024306808462892023,0.0005321021416929045,0.00047760425213825273,0.0002781157807793794,0.0006955554779525126,1.0,6.103515625e-05,9.765625e-05,True,0,14,2
all,15,0.00047574307279676307,0.0007218125531083178,0.0005987778129525403,0.0004637363965604304,0.0007389290734763905,0.0005688188303896017,0.00037723761973058504,0.0007795521387673274,1.0,6.103515625e-05,9.765625e-05,True,0,14,3
all,15,0.0005365128868613285,0.0009992836503191517,0.0007678982685902399,0.0005766676274224277,0.0009730227126781523,0.0005643721296213533,0.00040795216522379455,0.0007346353738978487,1.0,6.103515625e-05,9.765625e-05,True,0,14,4
all,15,0.000440562882303845,0.0011460465957263053,0.000793304739015075,0.0006320451933741255,0.0009674707902986765,0.0007119029285198069,0.00042795488599002936,0.001014378188631729,1.0,6.103515625e-05,9.765625e-05,True,0,14,5
all,15,0.0005690767836396862,0.0012538500779458144,0.0009114634307927505,0.0007259247178678175,0.0011087270295321529,0.0006847732943061285,0.0004613108114844209,0.0009257440229496722,1.0,6.103515625e-05,9.765625e-05,True,0,14,6
all,15,0.0006617237142707371,0.001214954264832188,0.0009383389895514626,0.0008105485085762916,0.0010743731765475637,0.0006628237993648577,0.0003828769983687824,0.0009672553049649392,1.0,6.103515625e-05,9.765625e-05,True,0,14,7
all,15,0.0007948187333414919,0.0011273561729889829,0.0009610874531652373,0.0008181479954128195,0.0011107247735076436,0.0007307537227620302,0.00048536634829568655,0.0009899020304256208,1.0,6.103515625e-05,9.765625e-05,True,0,14,8
all,15,0.0006322080841027719,0.0007677907645598816,0.0006999994243313268,0.00055683032639254,0.0008512984925945357,0.0005887647396822497,0.00038080701334886676,0.0008046112657200583,1.0,6.103515625e-05,9.765625e-05,True,0,14,9
all,15,6.56272713162194e-05,9.612776750447219e-05,8.087751941034578e-05,-5.339860987880527e-06,0.0001702379506112349,0.0002458310160815422,0.0001779704603081568,0.00031810498599027753,0.6666666666666666,0.10137939453125,0.1267242431640625,True,0,17,0
all,15,0.00018224709677192586,0.00029586057208035065,0.00023905383442613827,0.00015058717657881257,0.00033799974184496975,0.0003195529114843238,0.00019873638401793776,0.0004615721166150458,1.0,6.103515625e-05,9.765625e-05,True,0,17,1
all,15,0.000506576779758166,0.000703910079801561,0.0006052434297798635,0.0004775108112939926,0.0007499227466182945,0.0006384501471273868,0.00044522297967257115,0.0008419577958511598,1.0,6.103515625e-05,9.765625e-05,True,0,17,2
all,15,0.0008553075995844742,0.0009434323805786707,0.0008993699900815725,0.0007741651544931246,0.001037687154374378,0.0008389396038557255,0.0006365204847792848,0.00103138942322609,1.0,6.103515625e-05,9.765625e-05,True,0,17,3
all,15,0.000912328711144843,0.001065375651330389,0.0009888521812376162,0.0008079862889745328,0.0011747221595379371,0.0007665580307275599,0.0005322377458223102,0.0010030831416409326,1.0,6.103515625e-05,9.765625e-05,True,0,17,4
all,15,0.0009144495201389657,0.0012799878158619993,0.0010972186680004825,0.000917634114051376,0.001280434975587226,0.0005457796798558112,0.00035038700407330893,0.0007584396229423804,1.0,6.103515625e-05,9.765625e-05,True,0,17,5
all,15,0.0010093293316518145,0.0012119007040859906,0.0011106150178689024,0.0009208346902750225,0.001315460333088016,0.0005706742750057309,0.0003626137783866077,0.0007867581235500676,1.0,6.103515625e-05,9.765625e-05,True,0,17,6
all,15,0.0009510757476993566,0.001031040110645542,0.0009910579291724493,0.0008757651529502469,0.0011081074572380518,0.00036258268100862896,0.00021809664876939292,0.0005238304246589053,1.0,6.103515625e-05,9.765625e-05,True,0,17,7
all,15,0.001026899029532405,0.0008997721490446329,0.000963335589288519,0.0008191713706138628,0.001106767933219695,0.0004277736260885462,0.00031546248443002086,0.0005409876699132868,1.0,6.103515625e-05,9.765625e-05,True,0,17,8
all,15,0.000996825512153335,0.000878635397320877,0.0009377304547371063,0.0008032546206931019,0.0010540829357210308,0.00039141798990158846,0.00021233428103386713,0.0005879126948417911,1.0,6.103515625e-05,9.765625e-05,True,0,17,9
all,15,-0.0005017428342306824,-0.0007550275946703151,-0.0006283852144504987,-0.0010038859408503281,-0.0002917511143437761,0.00028243422649254827,0.00012558369868793132,0.0004900933990976397,0.06666666666666667,0.00067138671875,0.0009677646396396396,True,7,0,0
all,15,-0.0009473005159055851,-0.0017643748938804692,-0.0013558377048930271,-0.0018768749553103232,-0.0008696675881738697,0.0008343617316140838,0.0005731135886496968,0.0011397112297776607,0.0,6.103515625e-05,9.765625e-05,True,7,0,1
all,15,-0.00233373675122856,-0.0036365834920262527,-0.002985160121627407,-0.00353268191602607,-0.002433655651986425,0.0014293845500890712,0.0009836017709905999,0.001925254341944651,0.0,6.103515625e-05,9.765625e-05,True,7,0,2
all,15,-0.003963833717006196,-0.006170943887890528,-0.005067388802448363,-0.005587855946570224,-0.004528187120935682,0.0022697473748640646,0.0015432193082711855,0.003041914126650461,0.0,6.103515625e-05,9.765625e-05,True,7,0,3
all,15,-0.005611292618386125,-0.007716244298388728,-0.006663768458387426,-0.007181610776629681,-0.006163510623937616,0.0022181694545839576,0.0016765735617855927,0.0028084416006563034,0.0,6.103515625e-05,9.765625e-05,True,7,0,4
all,15,-0.0071657636264413176,-0.009214142137494817,-0.008189952881968067,-0.008585650797860419,-0.007800532466470494,0.002187566028035927,0.001505322707213406,0.0030018381185940757,0.0,6.103515625e-05,9.765625e-05,True,7,0,5
all,15,-0.008781165816327803,-0.00881081810351225,-0.008795991959920028,-0.009184661402269178,-0.008384096408477107,0.001613138413145359,0.0010438352440959458,0.0022072102699508492,0.0,6.103515625e-05,9.765625e-05,True,7,0,6
all,15,-0.008890449873480494,-0.009082113444455048,-0.008986281658967771,-0.00943428579829206,-0.008547962738242381,0.0016410546391526484,0.001101544440963591,0.0021910977092235748,0.0,6.103515625e-05,9.765625e-05,True,7,0,7
all,15,-0.009864942425079777,-0.008547877687809841,-0.00920641005644481,-0.00972480135058623,-0.00874661188800382,0.0018573948423267796,0.0011701236127000115,0.0026489548548583367,0.0,6.103515625e-05,9.765625e-05,True,7,0,8
all,15,-0.009294072867449658,-0.007727219478073837,-0.008510646172761748,-0.00895138204163195,-0.008074806447714144,0.002128836480219232,0.0012024028568221811,0.003118966323343165,0.0,6.103515625e-05,9.765625e-05,True,7,0,9
all,15,-0.0003294726882291505,-0.00041591293496796476,-0.0003726928115985576,-0.000647247740529125,-0.0001511762302791075,0.0003358772238520877,0.00020867710712344292,0.00048012668447183863,0.06666666666666667,0.00018310546875,0.00027638561320754716,True,7,8,0
all,15,-0.0008201584138731817,-0.0011541330822228402,-0.000987145748048011,-0.0014474888913591883,-0.0005914763966907964,0.0005619073715237408,0.00032498478758382704,0.0008461152472263861,0.0,6.103515625e-05,9.765625e-05,True,7,8,1
all,15,-0.0019690454007421547,-0.002703744374191624,-0.002336394887466889,-0.002957709365226191,-0.0017148809186527583,0.0009043875217619895,0.0005168543981542867,0.001358484027126469,0.0,6.103515625e-05,9.765625e-05,True,7,8,2
all,15,-0.004028890971573739,-0.005381477014032162,-0.004705183992802951,-0.005246183016828981,-0.004119430362741884,0.0013834192713880903,0.0009568186749150517,0.0018391736301955825,0.0,6.103515625e-05,9.765625e-05,True,7,8,3
all,15,-0.005941324830227386,-0.007023032181528886,-0.006482178505878136,-0.0069918150769337365,-0.0059494070389342485,0.0015210002288773413,0.001113648093692347,0.0019414289223629079,0.0,6.103515625e-05,9.765625e-05,True,7,8,4
all,15,-0.007731828355809492,-0.00863173315177373,-0.00818178075379161,-0.008613090288689224,-0.007724936613113547,0.0015355966489040275,0.001052424111187295,0.0020353802666517743,0.0,6.103515625e-05,9.765625e-05,True,7,8,5
all,15,-0.009355140383833744,-0.008520236752455296,-0.008937688568144518,-0.009372501640712422,-0.008500763816695463,0.001351068317692824,0.0008625689745865781,0.001873930134526037,0.0,6.103515625e-05,9.765625e-05,True,7,8,6
all,15,-0.009239508565727727,-0.009218074865814595,-0.009228791715771161,-0.009711636426066862,-0.008771446823573744,0.0013579081765459613,0.000872016863734629,0.001887186054652217,0.0,6.103515625e-05,9.765625e-05,True,7,8,7
all,15,-0.009924769939208931,-0.008374431807547515,-0.009149600873378223,-0.009754292074858527,-0.008593903878481746,0.001735438931394348,0.0009315485246663484,0.0026656436089039595,0.0,6.103515625e-05,9.765625e-05,True,7,8,8
all,15,-0.008898698600253939,-0.007238833336105001,-0.008068765968179467,-0.008577813428256949,-0.007603610691245676,0.001712734147515701,0.0009188505741980187,0.002601926491013221,0.0,6.103515625e-05,9.765625e-05,True,7,8,9
all,15,-4.577733258854476e-05,0.0005884452808062916,0.00027133397410887344,2.3614898231694456e-05,0.0005385966303367476,0.0007683019535234277,0.0004047541343195526,0.001234580896950353,0.6,0.06298828125,0.08127520161290322,True,7,14,0
all,15,-0.00021462960395235298,0.0007959655386028243,0.0002906679673252356,-0.00017996180069515484,0.0008378846566956635,0.0012339040774519314,0.0005047794351118658,0.0021036352048249517,0.3333333333333333,0.2943115234375,0.3462488511029412,True,7,14,1
all,15,0.0007906349689778369,0.0012450486512343788,0.0010178418101061079,0.00046999769490726513,0.001567399404506111,0.0019157069969877522,0.0011916984094514553,0.002696014997314775,0.8,0.00341796875,0.004755434782608696,True,7,14,2
all,15,0.0019118756211903801,0.0009892612829740157,0.001450568452082198,0.0008322189386380174,0.002049944427170185,0.003035026404262144,0.002158009276204754,0.003937063689737168,0.8666666666666667,0.00091552734375,0.0012963219026548673,True,7,14,3
all,15,0.0011486197191667273,0.0011553169198755121,0.00115196831952112,0.0006271723439800932,0.0016071828852464904,0.0019151521370984084,0.0012315386561568577,0.0027550058124986196,0.8666666666666667,0.0015869140625,0.002227247807017544,True,7,14,4
all,15,0.001501421994584052,0.0020542293162350038,0.0017778256554095277,0.001212428620624232,0.0023533933929725526,0.0014423627972786255,0.0010010278526643953,0.0019040142112160168,0.9333333333333333,0.00018310546875,0.00027638561320754716,True,7,14,5
all,15,0.0026431880842784417,0.00419079825896671,0.003416993171622575,0.002834141568416095,0.004031973590576469,0.002105959374668506,0.0012869890239911425,0.002931927776920199,1.0,6.103515625e-05,9.765625e-05,True,7,14,6
all,15,0.003290240276768844,0.004709728981612006,0.003999984629190425,0.0034992398561101983,0.004556101984698003,0.003261039173673124,0.002185496031625252,0.0043146141070302055,1.0,6.103515625e-05,9.765625e-05,True,7,14,7
all,15,0.002270774990251999,0.004287095078802428,0.0032789350345272133,0.0028772521365757996,0.003672601446500501,0.003757545117780826,0.002576522773606408,0.004910988938084971,1.0,6.103515625e-05,9.765625e-05,True,7,14,8
all,15,0.0003865379906207724,0.0018440156767328577,0.0011152768336768154,0.0006795179406953884,0.0015834955257743957,0.003374881874411267,0.002216072264182542,0.004519146971266441,0.8666666666666667,0.000244140625,0.0003616898148148148,True,7,14,9
all,15,0.00031638549116975615,0.0005279667670020641,0.0004221761290859101,0.00023906662344173028,0.0006457800317114791,0.00033282926188181656,0.00019881521096128026,0.00047976620028015017,0.9333333333333333,0.0001220703125,0.000189623786407767,True,7,17,0
all,15,0.000814336619407714,0.0010641199114748878,0.0009392282654413008,0.0006753252335753717,0.0012147737127428894,0.0007501294927615365,0.0005011327891882387,0.0010401646182532924,1.0,6.103515625e-05,9.765625e-05,True,7,17,1
all,15,0.001592968441071437,0.0019456514606877888,0.0017693099508796128,0.0014517315753956267,0.002075381393563514,0.00140387542807209,0.0009699972694886487,0.0018614990825116782,1.0,6.103515625e-05,9.765625e-05,True,7,17,2
all,15,0.0025098388154286967,0.0033283531583787815,0.0029190959869037397,0.002630181306431835,0.003198411661915331,0.0018576880498342833,0.001303109859070025,0.0024398394682449208,1.0,6.103515625e-05,9.765625e-05,True,7,17,3
all,15,0.0031009409042119587,0.003967502250604197,0.0035342215774080764,0.0032436507871436457,0.003833409585902876,0.0017609600063166018,0.0011661905215055801,0.002396171812243494,1.0,6.103515625e-05,9.765625e-05,True,7,17,4
all,15,0.0037263895226318728,0.004894694271964289,0.0043105418972980815,0.003977207157386487,0.004686846898517182,0.0016408104054041015,0.001061485968576454,0.002300912129381655,1.0,6.103515625e-05,9.765625e-05,True,7,17,5
all,15,0.004058388868885076,0.004513351214655215,0.004285870041770145,0.003952725772150082,0.004664382626013468,0.0009568519171526645,0.0005427577064984108,0.001474525708433888,1.0,6.103515625e-05,9.765625e-05,True,7,17,6
all,15,0.004017262074887466,0.004486886804845889,0.004252074439866677,0.0038755948063308177,0.004616368343882019,0.0010009884667010064,0.0006528294635591231,0.0013577188066485517,1.0,6.103515625e-05,9.765625e-05,True,7,17,7
all,15,0.004431425596769284,0.004107732681298952,0.0042695791390341175,0.0038896055469447095,0.004622246044891675,0.001076119972288767,0.0007726524134324406,0.0014794087161726463,1.0,6.103515625e-05,9.765625e-05,True,7,17,8
all,15,0.004223151590698885,0.003886736326774012,0.004054943958736448,0.0037407919801891554,0.0043617601585747385,0.0013147419956664535,0.0008879643913633392,0.001802394706330029,1.0,6.103515625e-05,9.765625e-05,True,7,17,9
all,15,-0.0009334605648698002,-0.000746995717184403,-0.0008402281410271016,-0.0013902639631967965,-0.00037178125795461097,0.0007899459092883081,0.00038300746714833655,0.0013221923661877778,0.06666666666666667,0.000640869140625,0.0009321732954545455,True,8,0,0
all,15,-0.0017886706592236637,-0.002084618396082502,-0.0019366445276530829,-0.0027229344447194767,-0.0012214812790732328,0.0013570903433335149,0.0009014653905399352,0.001842225526854409,0.0,6.103515625e-05,9.765625e-05,True,8,0,1
all,15,-0.0046302651857913265,-0.005602716646978503,-0.005116490916384915,-0.0061722709828210065,-0.004052844632495769,0.0017471599386070559,0.0012684851886659082,0.0022109737991549247,0.0,6.103515625e-05,9.765625e-05,True,8,0,2
all,15,-0.008448075864115397,-0.011894259775737888,-0.010171167819926644,-0.011343265380203044,-0.008986206533232552,0.0037830243022896944,0.002517785527674857,0.005316935865896083,0.0,6.103515625e-05,9.765625e-05,True,8,0,3
all,15,-0.01370446340964476,-0.016687508529633598,-0.015195985969639177,-0.016287919009840144,-0.014126891675774508,0.003918831001118379,0.002122484937842616,0.006488070500423992,0.0,6.103515625e-05,9.765625e-05,True,8,0,4
all,15,-0.018664770461747873,-0.02212385882851141,-0.020394314645129644,-0.021308181488237262,-0.019436841568778715,0.004275233270192421,0.0024793674405897887,0.006702376638316804,0.0,6.103515625e-05,9.765625e-05,True,8,0,5
all,15,-0.025551888676935173,-0.020695862651720187,-0.02312387566432768,-0.024240028520416228,-0.022121076853871047,0.005108669226142605,0.0036437858192176343,0.00666200397609897,0.0,6.103515625e-05,9.765625e-05,True,8,0,6
all,15,-0.025360583883781082,-0.022984187594934754,-0.024172385739357916,-0.0254835987628007,-0.023022546904255644,0.0029337755798078224,0.0018780194909209008,0.004199513214026447,0.0,6.103515625e-05,9.765625e-05,True,8,0,7
all,15,-0.027563174321482104,-0.021054362623090937,-0.02430876847228652,-0.025799206813782446,-0.02306754151731516,0.006508811698391167,0.005189091322453272,0.007891782619819317,0.0,6.103515625e-05,9.765625e-05,True,8,0,8
all,15,-0.02459567213158267,-0.02055141814820099,-0.022573545139891838,-0.024088472406793175,-0.021179257923366595,0.004044253983381683,0.002942402616056076,0.0051612709681155685,0.0,6.103515625e-05,9.765625e-05,True,8,0,9
all,15,-0.0006518294435649948,-0.00048086042631657433,-0.0005663449349407845,-0.0009816376064923458,-0.00021109035610835975,0.0007302232880001788,0.00044025895460453074,0.0010532658506234396,0.2,0.00347900390625,0.004798626077586207,True,8,8,0
all,15,-0.0015300861405787326,-0.0018067272231640495,-0.001668406681871391,-0.0024082859782819746,-0.0010402172095006657,0.001106954315352134,0.0006538371480010888,0.001635165340847338,0.0,6.103515625e-05,9.765625e-05,True,8,8,1
all,15,-0.004505857170526831,-0.004338067131774116,-0.004421962151150473,-0.0055411143606603624,-0.0032889156450895607,0.0022216897893693912,0.0015077637114520894,0.0029789499435232875,0.0,6.103515625e-05,9.765625e-05,True,8,8,2
all,15,-0.009269111525294386,-0.010416885267504743,-0.009842998396399566,-0.011248474051336407,-0.008430474494711637,0.0024033383774252483,0.0014329904769859142,0.0035711805865858595,0.0,6.103515625e-05,9.765625e-05,True,8,8,3
all,15,-0.014601122432316453,-0.014927793381112811,-0.014764457906714629,-0.01628829502309407,-0.013260684622070041,0.0026024626650475334,0.0015270381741011646,0.003822112851397784,0.0,6.103515625e-05,9.765625e-05,True,8,8,4
all,15,-0.01911753491388355,-0.018717363868982907,-0.01891744939143323,-0.020442350459889663,-0.017400083635235427,0.002160987536459309,0.0011658855863394455,0.003413958371603398,0.0,6.103515625e-05,9.765625e-05,True,8,8,5
all,15,-0.024139270727359444,-0.01849466176079242,-0.021316966244075936,-0.02278332548534297,-0.01994050198246943,0.00582377662697214,0.0046140802340334805,0.0070266174135109995,0.0,6.103515625e-05,9.765625e-05,True,8,8,6
all,15,-0.023768863791759,-0.021447737403260572,-0.022608300597509786,-0.02393401260709833,-0.021414200144765257,0.0028543363392120047,0.0019836164078699636,0.003867839595768049,0.0,6.103515625e-05,9.765625e-05,True,8,8,7
all,15,-0.025714879937715034,-0.019251448241003347,-0.022483164089359187,-0.024072187599868948,-0.021116122676817537,0.00658748050443957,0.004577464274623962,0.008635404408114465,0.0,6.103515625e-05,9.765625e-05,True,8,8,8
all,15,-0.02270219721482065,-0.01786297589341516,-0.020282586554117906,-0.02203998351235556,-0.01876506069650699,0.004839221321405491,0.003483660569934805,0.006389197870159697,0.0,6.103515625e-05,9.765625e-05,True,8,8,9
all,15,0.0003310050486659913,0.00101299444435676,0.0006719997465113753,0.00035115047799030375,0.0010118280818707697,0.0009452096671442705,0.0004444602381232864,0.001603286189726221,0.8666666666666667,0.0008544921875,0.001220703125,True,8,14,0
all,15,-0.00027274399093878067,0.0011851278066103608,0.0004561919078357901,-0.00031879391821507076,0.0013113169020409637,0.0018575163569922962,0.0009158029397707139,0.00302522802351144,0.3333333333333333,0.3116455078125,0.361328125,True,8,14,1
all,15,0.0005807424157390777,0.0009290304853188587,0.0007548864505289682,5.1258824500657374e-05,0.0014611957572411892,0.002239908397144721,0.0013266769919170268,0.00319990648029638,0.7333333333333333,0.0693359375,0.08804563492063493,True,8,14,2
all,15,0.0022914020948881847,8.256731831849038e-05,0.0011869847066033376,0.0002290499718242431,0.002069240769667929,0.004681606874401496,0.003447898681168049,0.005950826199099756,0.7333333333333333,0.0322265625,0.04261363636363636,True,8,14,3
all,15,0.0005308101028566921,-0.000220782774146203,0.00015501366435524458,-0.0005710572332108103,0.0007893553860743081,0.002786182634026972,0.0017281875702511327,0.003999517133817681,0.6666666666666666,0.676025390625,0.7308382601351351,True,8,14,4
all,15,0.0006127626927634717,0.0011915794496685048,0.0009021710712159881,0.00022451748592329529,0.0016421356696087045,0.002413949088483505,0.001666804756161643,0.003242758078152156,0.8,0.02099609375,0.027994791666666668,True,8,14,5
all,15,0.0021653196900742536,0.005609033076876018,0.0038871763834751353,0.0032261880122161656,0.00455570235851952,0.0045809894473327764,0.0032070291508582306,0.005944626854222224,1.0,6.103515625e-05,9.765625e-05,True,8,14,6
all,15,0.0030432025734743744,0.006469815635478284,0.0047565091044763285,0.004057308674436655,0.0054820516448298795,0.0061734936168949435,0.004380130379223174,0.008004703755313423,1.0,6.103515625e-05,9.765625e-05,True,8,14,7
all,15,0.0015462109727049462,0.005754858032137887,0.003650534502421416,0.003037996473733399,0.004239678191293261,0.007348608718847846,0.0052803098722033785,0.009454355245589215,1.0,6.103515625e-05,9.765625e-05,True,8,14,8
all,15,-0.001439411135164068,0.0022298438207810907,0.00039521634280851155,-0.00040288358551860906,0.0013187509364658231,0.006435941691776134,0.0042543500140809,0.008696708302324774,0.3333333333333333,0.40399169921875,0.45520191461267606,True,8,14,9
all,15,0.0004940158426910727,0.0005947628773163761,0.0005443893600037245,0.0002776753445011348,0.0008601758327600008,0.00032460007906565276,0.00019274223569949438,0.00048277460141151515,0.8666666666666667,0.0003662109375,0.0005375573394495413,True,8,17,0
all,15,0.0009221976513114807,0.001205525971758817,0.0010638618115351487,0.000654834409490691,0.0014836439348625285,0.0005384452565647618,0.00034241294015658263,0.0007559336528141486,0.8666666666666667,0.000244140625,0.0003616898148148148,True,8,17,1
all,15,0.0018644431337354382,0.0022308014045570534,0.0020476222691462455,0.0016055072960862128,0.002465368123191709,0.0011764866066906105,0.0007900624730272833,0.001610151219495366,1.0,6.103515625e-05,9.765625e-05,True,8,17,2
all,15,0.0032583689421096995,0.0044194294171922685,0.0038388991796509827,0.003441554125624204,0.004214978275788331,0.0018140796641938147,0.0012151205803112737,0.0024254364156066316,1.0,6.103515625e-05,9.765625e-05,True,8,17,3
all,15,0.004696672285776671,0.005587439259213983,0.005142055772495327,0.004761826394682012,0.005544230208546341,0.0015982169829164134,0.0009650058435749856,0.002260322796257075,1.0,6.103515625e-05,9.765625e-05,True,8,17,4
all,15,0.005774095557534476,0.007129318888152121,0.006451707222843299,0.006016306823482079,0.00693868761804592,0.0017125018651260014,0.0010154578242096803,0.002507811066086953,1.0,6.103515625e-05,9.765625e-05,True,8,17,5
all,15,0.0067452425202679965,0.0073094785633159775,0.007027360541791987,0.006580480868209872,0.007521272735948454,0.0013276613597503048,0.0007927636240005046,0.001938731903223434,1.0,6.103515625e-05,9.765625e-05,True,8,17,6
all,15,0.0068829794021823,0.00750254822658572,0.0071927638143840095,0.006680974641029387,0.007667350682849912,0.0013438887602003477,0.0009241759425233393,0.0017667292488925364,1.0,6.103515625e-05,9.765625e-05,True,8,17,7
all,15,0.007362692169794492,0.007150576442516662,0.007256634306155576,0.006794720353684925,0.007707326767887159,0.0013463452277673233,0.0008955787272508774,0.0018797211716939171,1.0,6.103515625e-05,9.765625e-05,True,8,17,8
all,15,0.007238428948963241,0.006668820201733821,0.00695362457534853,0.006432384216339481,0.007555064979595723,0.0020556046517872955,0.00152664540006786,0.0026129234142484425,1.0,6.103515625e-05,9.765625e-05,True,8,17,9
all,15,-0.0008486452447029243,0.0009321249529886845,4.1739854142879954e-05,-0.0008926655454772295,0.0007022260612654123,0.0018834267285525554,0.0008844433875266481,0.0031017434458027555,0.6666666666666666,0.95367431640625,0.95367431640625,True,9,0,0
all,15,-0.0015672693748849228,0.002697428090252593,0.0005650793576838351,-0.0009191490184905627,0.0017672163532704928,0.0045375495531686655,0.0023899206877739123,0.007010853919348914,0.8,0.459228515625,0.5138221153846154,True,9,0,1
all,15,-0.0069994235395790414,0.0004873614409014929,-0.0032560310493387743,-0.005671218679094593,-0.0010273076678366277,0.00871146104882701,0.005419988356308093,0.012577514439975653,0.2,0.01605224609375,0.021765757415254237,True,9,0,2
all,15,-0.02291516999602672,-0.008649387167967825,-0.015782278581997267,-0.0197518743634674,-0.01192934310342648,0.016172054495685397,0.012388475135927706,0.019944196111022994,0.0,6.103515625e-05,9.765625e-05,True,9,0,3
all,15,-0.03532734901189826,-0.01158611233737126,-0.023456730674634763,-0.029044428824896128,-0.018327653053201626,0.02566121764307822,0.021176290357392283,0.03028503954281398,0.0,6.103515625e-05,9.765625e-05,True,9,0,4
all,15,-0.0390884071073153,-0.0077587108920255535,-0.023423558999670427,-0.030370358891663746,-0.017709857987438005,0.031329696215289735,0.027312586591084796,0.03541326899002015,0.0,6.103515625e-05,9.765625e-05,True,9,0,5
all,15,-0.05082587940544457,0.006612419419127685,-0.022106729993158446,-0.027753699675539898,-0.01749888710187909,0.057438298824572256,0.05120211856348844,0.06360703905188571,0.0,6.103515625e-05,9.765625e-05,True,9,0,6
all,15,-0.05853558196946298,5.4558094701391906e-05,-0.029240511937380798,-0.035943251605177494,-0.023890250557739127,0.05859014006416438,0.0507115918827708,0.06684343042871828,0.0,6.103515625e-05,9.765625e-05,True,9,0,7
all,15,-0.06561117493819028,-0.007710669597571699,-0.03666092226788099,-0.04264499249360096,-0.03109749331730111,0.0579005053406186,0.04814642856831271,0.06727381431088915,0.0,6.103515625e-05,9.765625e-05,True,9,0,8
all,15,-0.05097185300400455,-0.05024685388890423,-0.050609353446454376,-0.05708393924852575,-0.044645143511686775,0.02110301055017386,0.013098496415599042,0.029556574273386597,0.0,6.103515625e-05,9.765625e-05,True,9,0,9
all,15,-0.0005165724863856932,-0.00019270633618571163,-0.00035463941128570256,-0.0008827977272065358,4.755216214845701e-05,0.0015564317434014316,0.0008783256250340838,0.002409430488116248,0.4,0.1898193359375,0.23008404356060605,True,9,8,0
all,15,-0.0028651525800670614,-0.001471786579341402,-0.002168469579704231,-0.003457890973518407,-0.0010920456975053348,0.002778335968326162,0.001490355561287786,0.004381143965008691,0.06666666666666667,0.0001220703125,0.000189623786407767,True,9,8,1
all,15,-0.010232648807534942,-0.004590207436947119,-0.007411428122241031,-0.009501154920468454,-0.005469029107478602,0.006993768825866658,0.004431592921210766,0.00983040324442695,0.0,3.0517578125e-05,9.765625e-05,True,9,8,2
all,15,-0.02563969888542789,-0.016209553684785074,-0.020924626285106482,-0.024849491154748868,-0.01728578254533299,0.011828982327699444,0.008454869958688797,0.01525060256259081,0.0,6.103515625e-05,9.765625e-05,True,9,8,3
all,15,-0.0378433953347488,-0.02927075017055967,-0.033557072752654245,-0.039523342687580905,-0.027545197470865358,0.012078066887723272,0.008310163637457416,0.015972747665137798,0.0,6.103515625e-05,9.765625e-05,True,9,8,4
all,15,-0.046843699746246685,-0.035835062427221016,-0.04133938108673385,-0.047988504248549405,-0.03458207908458108,0.011900344275724561,0.008111882857808705,0.015906037941330574,0.0,6.103515625e-05,9.765625e-05,True,9,8,5
all,15,-0.05933230614531859,-0.030630201932199678,-0.04498125403875915,-0.05204867863910927,-0.03793752445845883,0.028702104213118917,0.023509042098837647,0.034176195606671456,0.0,6.103515625e-05,9.765625e-05,True,9,8,6
all,15,-0.06296126518614362,-0.04028412972577791,-0.05162269745596077,-0.0576629154811157,-0.045681061855843676,0.0226771354603657,0.015804218135629426,0.03031504774106377,0.0,6.103515625e-05,9.765625e-05,True,9,8,7
all,15,-0.06469855404224273,-0.04107042622999906,-0.052884490136120885,-0.057998539403922196,-0.04779003139915893,0.0252476826199652,0.015901619493110045,0.03593121197194508,0.0,6.103515625e-05,9.765625e-05,True,9,8,8
all,15,-0.06443618120968594,-0.054412855267172947,-0.05942451823842944,-0.06500682217172167,-0.05393922236158268,0.016023170132536468,0.00970497210550143,0.023898261012033965,0.0,6.103515625e-05,9.765625e-05,True,9,8,9
all,15,0.0015389853335459201,0.0027967076664698913,0.0021678465000079055,0.0017010353891859901,0.0026662704638226405,0.0013505894882632878,0.0006768570691449202,0.0022017964949875074,1.0,6.103515625e-05,9.765625e-05,True,9,14,0
all,15,2.217174424301387e-06,0.0029244604586107915,0.001463338816517547,0.0004527141261036619,0.002533263630289106,0.002947634066691461,0.001802678250682653,0.004355724340555856,0.6666666666666666,0.0184326171875,0.024783350840336133,True,9,14,1
all,15,-0.00019156027091773452,0.0011555618197826027,0.0004820007744324343,-0.00033447496572795466,0.0013003811613055904,0.0024955819012810877,0.0017658780064333682,0.003378455343978797,0.7333333333333333,0.2974853515625,0.34742814781021897,True,9,14,2
all,15,0.004792213564521825,-0.0009823961366187026,0.0019049087139515614,-0.00029786687991148144,0.004037215368353864,0.008923684088213925,0.005746578530330041,0.012347268800694082,0.6,0.11663818359375,0.14362980769230768,True,9,14,3
all,15,0.0003872301524855987,-0.0028105231679844056,-0.0012116465077494033,-0.0033871414534434913,0.0007388567750552509,0.006374782930538462,0.0034828617750782094,0.009685355536077968,0.4666666666666667,0.289794921875,0.34346064814814814,True,9,14,4
all,15,-0.003516398254444671,-0.00047899350369094994,-0.00199769587906781,-0.0036887852181174572,-0.00035486109008171394,0.004792317044628361,0.0029436436707355315,0.00692595464584325,0.4,0.0421142578125,0.05523181352459016,True,9,14,5
all,15,-0.004451313830542213,0.005422814287097492,0.0004857502282776391,-0.0010077656704042496,0.0018194660116710216,0.010838674274124115,0.007998306008954674,0.01378432688914957,0.7333333333333333,0.5301513671875,0.5890570746527778,True,9,14,6
all,15,-0.004048375787762704,0.007455068382912183,0.0017033462975747395,4.733618759593615e-05,0.0032831715514889314,0.013412776446331555,0.009706010883669208,0.017132945829681247,0.6666666666666666,0.06719970703125,0.086015625,True,9,14,7
all,15,-0.005534860280445817,0.005291745056091376,-0.00012155761217722053,-0.0016467353168997322,0.0012827796187524496,0.013409848725850704,0.00924400977030411,0.017881949928868605,0.5333333333333333,0.87701416015625,0.8995017027243589,True,9,14,8
all,15,-0.010069971089886883,-0.0037220622240094195,-0.00689601665694815,-0.00859815549436285,-0.004820907861667442,0.012197187393592669,0.007856711461354934,0.01744044619518288,0.06666666666666667,0.00018310546875,0.00027638561320754716,True,9,14,9
all,15,0.0006815404474072395,0.0006815408048922008,0.00068154062614972,0.0002625920715078121,0.001213775317975244,8.828863533009047e-10,3.2497379683518913e-10,1.7016498378813298e-09,1.0,6.103515625e-05,9.765625e-05,True,9,17,0
all,15,0.0009570667748492228,0.0009570664912051133,0.0009570666330271681,0.00034310019431074576,0.0016936573168819986,1.1387795620096191e-09,7.409082312844335e-10,1.5604621336929474e-09,0.7333333333333333,0.00537109375,0.00734508547008547,True,9,17,1
all,15,0.0024216331102699987,0.0024216334799623865,0.0024216332951161926,0.0017245659932956588,0.0031364395182847853,4.348582912279871e-09,2.489542915161446e-09,6.458469531440657e-09,0.9333333333333333,0.0001220703125,0.000189623786407767,True,9,17,2
all,15,0.006725551812775734,0.006725550586550518,0.006725551199663125,0.00564577532639498,0.007747910886615007,6.201487019914798e-09,4.067251266505248e-09,8.508675188649156e-09,1.0,6.103515625e-05,9.765625e-05,True,9,17,3
all,15,0.009467494008984686,0.009467493969916767,0.009467493989450725,0.00824533323683368,0.010707728434660424,5.680681176266818e-09,3.4623379843839083e-09,8.165622426384241e-09,1.0,6.103515625e-05,9.765625e-05,True,9,17,4
all,15,0.01226721774752067,0.012267219284793664,0.012267218516157167,0.011231448737559735,0.01328706008282696,1.1461820356948686e-08,7.786762918352123e-09,1.6090590745481317e-08,1.0,6.103515625e-05,9.765625e-05,True,9,17,5
all,15,0.014549383535828847,0.014549384083578747,0.014549383809703798,0.013715910594561976,0.015299495526461534,7.3590613164596175e-09,4.198454058767255e-09,1.1543667142385747e-08,1.0,6.103515625e-05,9.765625e-05,True,9,17,6
all,15,0.016022322586992415,0.01602232507666412,0.016022323831828267,0.015357918489140759,0.01661587304032206,9.475025140754749e-09,6.152205519992237e-09,1.3019919570874995e-08,1.0,6.103515625e-05,9.765625e-05,True,9,17,7
all,15,0.01608069497803565,0.016080690799988025,0.016080692889011837,0.015246663411271481,0.016823199483947435,1.2056168131648522e-08,7.826918011323916e-09,1.7419736776204282e-08,1.0,6.103515625e-05,9.765625e-05,True,9,17,8
all,15,0.01634513886825199,0.0163451413502385,0.016345140109245246,0.014953328571455935,0.017738919319605063,1.4309513025311435e-08,1.0168044322411118e-08,1.9567687598405146e-08,1.0,6.103515625e-05,9.765625e-05,True,9,17,9
rotation,15,0.00011515721916236832,-1.770107658073343e-05,4.872807129081747e-05,-1.598827461738663e-05,0.00011695695877335773,0.00023600485670320732,0.0001339137133550912,0.0003462584685961646,0.6,0.189697265625,0.2248263888888889,True,0,0,0
rotation,15,8.688257688608598e-05,-3.135947399448819e-05,2.7761551445798886e-05,-3.0688904859970794e-05,9.468704315298933e-05,0.00027818364511258097,0.00019982165887652152,0.00036331538433338094,0.4666666666666667,0.4447021484375,0.4975688374125874,True,0,0,1
rotation,15,6.998118412404809e-05,-1.535406586753462e-06,3.422288876864732e-05,-2.8816247500351397e-05,0.00010032116668819853,0.00021561720444538386,0.00014388158917851026,0.00029514831171388573,0.6,0.33349609375,0.38690141636690645,True,0,0,2
rotation,15,-2.913489521675554e-06,-4.774020045100888e-06,-3.843754783388224e-06,-6.465331998387653e-05,5.903708174761153e-05,0.00027420769561906495,0.0001697435429991802,0.0003953558736204541,0.4666666666666667,0.9075927734375,0.919081289556962,True,0,0,3
rotation,15,5.056185487086917e-05,3.948439802907171e-06,2.7255147336888172e-05,-3.0134034253829265e-05,9.507575250327247e-05,0.00020689846123219814,0.0001229228039993065,0.00030374271597601656,0.5333333333333333,0.4388427734375,0.4944707306338028,True,0,0,4
rotation,15,-4.8886474707627766e-05,3.6734964334508464e-05,-6.075755186559652e-06,-5.8191437972294376e-05,4.6313129088901185e-05,0.000277717850955451,0.00020098083885706304,0.0003608519460162267,0.4666666666666667,0.82977294921875,0.8510491786858975,True,0,0,5
rotation,15,1.3141103723259275e-05,5.86622992976894e-06,9.503666826514107e-06,-4.784996094303774e-05,7.435807144973542e-05,0.00018896241655901003,0.0001240392156002054,0.00026111180688366634,0.4,0.77044677734375,0.7952998991935484,True,0,0,6
rotation,15,9.686059597662832e-05,3.5176451823812275e-05,6.601852390022027e-05,-1.852340446317442e-05,0.0001590089810235333,0.00030316551874102587,0.000188217662133642,0.00043552163093632935,0.4666666666666667,0.18798828125,0.22446361940298507,True,0,0,7
rotation,15,1.5576498457007906e-05,-1.6298337302750515e-05,-3.6091942287130134e-07,-6.813759022982805e-05,6.756783813271953e-05,0.00027369424749958094,0.00019837478468217484,0.00035392351825181556,0.4666666666666667,0.991455078125,0.991455078125,True,0,0,8
rotation,15,1.4525225584125983e-05,3.75253490727161e-05,2.6025287328421034e-05,-5.2662551072342826e-05,0.00010219657901120887,0.00018644487376066464,0.00013014482086019208,0.0002406785832197814,0.6666666666666666,0.52801513671875,0.5826373922413793,True,0,0,9
rotation,15,0.00011220891397945541,-3.386802559481958e-05,3.9170444192317916e-05,-2.02554389852543e-05,0.00010094995835952733,0.000232958388756036,0.00012909681643672347,0.00036158011212046083,0.6,0.245361328125,0.28866038602941174,True,0,8,0
rotation,15,4.8497671788634026e-05,4.051434861518048e-06,2.6274553325076028e-05,-3.7823564722024006e-05,0.00010353941411058526,0.0002991478854995992,0.00021498272437499562,0.00038984205814070015,0.6,0.55029296875,0.5989583333333334,True,0,8,1
rotation,15,0.00010356455662998451,-4.7690606975640647e-05,2.7936974827171935e-05,-5.4203632883628794e-05,0.00010658007880713194,0.0003390319463314959,0.00023758444725548422,0.00044937784961213015,0.6,0.5205078125,0.5783420138888888,True,0,8,2
rotation,15,1.845304291578588e-05,-4.1755798387467265e-05,-1.1651377735840698e-05,-8.071015783057617e-05,5.5938200568141806e-05,0.00019416246145229042,0.00013412188403860587,0.00025905600603331596,0.4,0.751220703125,0.7804890422077922,True,0,8,3
rotation,15,0.0001567528380397259,1.1880207597199203e-05,8.431652281846258e-05,2.2061589523555482e-05,0.00015662437808637775,0.0002746178468195547,0.0001924125194843377,0.0003620807071061638,0.7333333333333333,0.03009033203125,0.0376129150390625,True,0,8,4
rotation,15,5.390858985971791e-05,-1.996490236871541e-05,1.697184374550126e-05,-5.166847976628837e-05,9.803364488945487e-05,0.00025673919227026007,0.00014608083354408698,0.0003837043350228563,0.4666666666666667,0.68731689453125,0.7187627655228758,True,0,8,5
rotation,15,4.175523525727469e-05,3.1004531544947167e-06,2.242784420588471e-05,-6.0090531857603974e-05,0.0001114017881710044,0.0002541063074360281,0.00016189034174845748,0.0003569509118014737,0.5333333333333333,0.626708984375,0.6729760906040269,True,0,8,6
rotation,15,0.00010782584871078183,-4.616840375579681e-05,3.0828722477492515e-05,-3.2588718885718844e-05,9.08490969107925e-05,0.00025729251202705964,0.00017350294593353898,0.00034450607339868466,0.6666666666666666,0.35479736328125,0.40548270089285715,True,0,8,7
rotation,15,9.580424675789094e-05,3.023901531167359e-05,6.302163103478228e-05,-4.986114424228645e-06,0.00014671998671925688,0.00026443344855689357,0.00018157471720022065,0.0003492743398808691,0.6666666666666666,0.1400146484375,0.16971472537878787,True,0,8,8
rotation,15,3.528439512598656e-06,3.465199752614095e-05,1.9090218519369807e-05,-4.6761575048867114e-05,9.35391567073182e-05,0.00023045305214234772,0.000165874470345054,0.0003020867359312158,0.5333333333333333,0.647216796875,0.6903645833333333,True,0,8,9
rotation,15,5.689955085031678e-05,9.410863114614576e-05,7.550409099823128e-05,-4.207078573419392e-06,0.00016507002382994728,0.00016903355371872207,0.0001094574390614912,0.00023273773770248607,0.6666666666666666,0.1024169921875,0.12508945610687022,True,0,14,0
rotation,15,0.000327076494461649,0.0002924336136213146,0.0003097550540414818,9.919708858088238e-05,0.000552641919619749,0.00026285391773393714,0.00011724723502784217,0.000431018874895033,0.8,0.01678466796875,0.021657636088709676,True,0,14,1
rotation,15,0.0011053711749349365,0.0007756480696428992,0.000940509622288918,0.000637253202620921,0.0012624182579842646,0.0006292854753912446,0.0004348527832841999,0.000850884078664933,1.0,6.103515625e-05,0.00010067654639175257,True,0,14,2
rotation,15,0.0019313771087820903,0.001363609332094464,0.0016474932204382767,0.0014126782874797164,0.0018786571917479408,0.001020600671078407,0.0006918676994290981,0.0013556393818713027,1.0,6.103515625e-05,0.00010067654639175257,True,0,14,3
rotation,15,0.002090446206740797,0.0018279931161531676,0.001959219661446982,0.001722005720826723,0.0021705073387582666,0.0010210354818688293,0.0007241157743944454,0.0013057631333863006,1.0,6.103515625e-05,0.00010067654639175257,True,0,14,4
rotation,15,0.0018356868027995803,0.0018716772028474573,0.0018536820028235185,0.0015820275807235343,0.0020964764977162913,0.0007927989931971683,0.0005138929060991684,0.0010837071970588327,1.0,6.103515625e-05,0.00010067654639175257,True,0,14,5
rotation,15,0.001949458626708808,0.00192564008062115,0.0019375493536649788,0.0017015702924017026,0.0021596018193676095,0.000856281936739134,0.0005625093081438372,0.0011894890080918763,1.0,6.103515625e-05,0.00010067654639175257,True,0,14,6
rotation,15,0.0019327852671778998,0.0020724049067910263,0.002002595086984463,0.001733882415185304,0.0022556049829103426,0.0008945832791500193,0.0005954732002546337,0.001240376191808907,1.0,6.103515625e-05,0.00010067654639175257,True,0,14,7
rotation,15,0.0015291646096414339,0.0016587586466334384,0.001593961628137436,0.0013841595976800398,0.0018198610626500098,0.0009959495941776837,0.0007120652900666826,0.0012928961321104387,1.0,6.103515625e-05,0.00010067654639175257,True,0,14,8
rotation,15,0.001186340906133889,0.0012877839270199847,0.001237062416576937,0.0010464154194547068,0.0014214285519116867,0.0006244983205967434,0.00038321696806434486,0.0008877938013315977,1.0,6.103515625e-05,0.00010067654639175257,True,0,14,9
rotation,15,0.00037332903802208807,0.00015008323099187013,0.000261706134506979,0.00012768460299455235,0.0004240735891872343,0.00026560109220028394,0.00013970543530365895,0.0004165520385536466,0.9333333333333333,0.0003662109375,0.0005375573394495413,True,0,17,0
rotation,15,0.0009544122732917677,0.0003484886981829722,0.0006514504857373697,0.00044581582562134154,0.0008858717136664104,0.0006143662135453064,0.0004207404678027265,0.0008444256054814483,1.0,6.103515625e-05,0.00010067654639175257,True,0,17,1
rotation,15,0.0017663856549461176,0.0006972870839882186,0.001231836369467168,0.0009650595080073082,0.0015096068640249277,0.001174135019355456,0.0008904490168155902,0.0014637193190040936,1.0,6.103515625e-05,0.00010067654639175257,True,0,17,2
rotation,15,0.0025640286410001335,0.001058144853931463,0.0018110867474657982,0.001615245760757016,0.002000863008936177,0.0016583069753706293,0.0012293707249084525,0.002060814572960752,1.0,6.103515625e-05,0.00010067654639175257,True,0,17,3
rotation,15,0.0027778221374070455,0.0013531825187968413,0.0020655023281019435,0.001812610704889636,0.0022875021714423797,0.001544959507552402,0.0010318134796923817,0.002084282272301543,1.0,6.103515625e-05,0.00010067654639175257,True,0,17,4
rotation,15,0.0025796897737637163,0.0015112144375224732,0.0020454521056430947,0.0017973118871102882,0.002286827899677566,0.0013241524050221494,0.0008933819834534282,0.0017964110476963425,1.0,6.103515625e-05,0.00010067654639175257,True,0,17,5
rotation,15,0.0024607414976411863,0.0014229211236272653,0.0019418313106342258,0.0017200244263715306,0.00216567057767383,0.0012178329926096883,0.0008932263953831429,0.001545202594880101,1.0,6.103515625e-05,0.00010067654639175257,True,0,17,6
rotation,15,0.0021155210540876545,0.0013081581003382462,0.0017118395772129503,0.0015151759613939901,0.0019200955444836196,0.0009900863199681124,0.0007080107544127798,0.0012926892130207914,1.0,6.103515625e-05,0.00010067654639175257,True,0,17,7
rotation,15,0.001817735972319833,0.0012296231144724814,0.0015236795433961575,0.001348575516917373,0.0017200791393851022,0.0008004655491503377,0.000547385955464331,0.0010724240917787187,1.0,6.103515625e-05,0.00010067654639175257,True,0,17,8
rotation,15,0.0015754375373554829,0.001060116409759665,0.001317776973557574,0.0011909502143894698,0.0014717944312647403,0.0007306538238518166,0.0005891874975678204,0.0008751140043429785,1.0,6.103515625e-05,0.00010067654639175257,True,0,17,9
rotation,15,-0.0006474601173350711,-0.0009036247131310127,-0.000775542415233042,-0.0015413484286935653,-0.00021482050926728894,0.0004353180907333106,0.0002918327188069436,0.0006021791897493737,0.26666666666666666,0.00750732421875,0.009845671106557378,True,7,0,0
rotation,15,-0.0018540052448396207,-0.001990750583108556,-0.0019223779139740883,-0.003115650870016804,-0.0009066174341306396,0.0007546763732815932,0.0004686713027830025,0.0010573464045143665,0.13333333333333333,0.0003662109375,0.0005375573394495413,True,7,0,1
rotation,15,-0.004249563630691198,-0.004084572368546603,-0.0041670679996189,-0.0056603429508994205,-0.0027608525645494712,0.0012950756728948901,0.0008274388514609008,0.0017944114786802043,0.0,6.103515625e-05,0.00010067654639175257,True,7,0,2
rotation,15,-0.006363048136695622,-0.006829462166724799,-0.006596255151710211,-0.008137043707745288,-0.0050643702736169706,0.0019915297250301706,0.001411033907776644,0.0025670180031301362,0.0,6.103515625e-05,0.00010067654639175257,True,7,0,3
rotation,15,-0.00896163025056674,-0.008901428172287769,-0.008931529211427253,-0.010374584540327513,-0.007444778996774903,0.0023077139798658086,0.0015513945004166456,0.0031493945878121477,0.0,6.103515625e-05,0.00010067654639175257,True,7,0,4
rotation,15,-0.011063775942981456,-0.010583919629032941,-0.010823847786007198,-0.012041831279758603,-0.009526846276506488,0.002635899504302143,0.0014037248222127368,0.004030091227400577,0.0,6.103515625e-05,0.00010067654639175257,True,7,0,5
rotation,15,-0.01397375848824345,-0.00979002337520709,-0.011881890931725267,-0.012761902503491466,-0.010913108886198048,0.004620261297809188,0.003053065656895346,0.006375427074453802,0.0,6.103515625e-05,0.00010067654639175257,True,7,0,6
rotation,15,-0.01388683848535145,-0.009288950770272706,-0.011587894627812078,-0.012648760098438882,-0.010541502851262262,0.0045978877150787455,0.0028925938761393513,0.006417768281168147,0.0,6.103515625e-05,0.00010067654639175257,True,7,0,7
rotation,15,-0.01338129918338695,-0.008388403193614532,-0.010884851188500742,-0.012075832277363181,-0.00979420546282108,0.00499289598977242,0.0034192207933330635,0.006681195005306087,0.0,6.103515625e-05,0.00010067654639175257,True,7,0,8
rotation,15,-0.010936011129912234,-0.007222512439283039,-0.009079261784597639,-0.010170867899552204,-0.008066026354101285,0.0037319982972807433,0.0024529978149547206,0.005126347757169236,0.0,6.103515625e-05,0.00010067654639175257,True,7,0,9
rotation,15,-0.0005791569836832475,-0.0006598395557690631,-0.0006194982697261553,-0.0012253499699840117,-0.00016215154846741103,0.0006006987825282267,0.0003832618105573978,0.0008438034297238098,0.2,0.01348876953125,0.0175463668699187,True,7,8,0
rotation,15,-0.0012135180263808448,-0.00197172912412374,-0.0015926235752522925,-0.0026631519933018916,-0.0007924243650337943,0.0010203921374348389,0.0005079392391761292,0.0017569376281896367,0.0,6.103515625e-05,0.00010067654639175257,True,7,8,1
rotation,15,-0.002375579541840202,-0.004098730930431853,-0.003237155236136028,-0.004888450322497527,-0.0017216599620866059,0.0018489909177004887,0.00100659586874886,0.002737878565822839,0.13333333333333333,0.0008544921875,0.001220703125,True,7,8,2
rotation,15,-0.005828115994807775,-0.006625961954100964,-0.00622703897445437,-0.00806072281885456,-0.004350956782898016,0.002274156162419779,0.0016671337468913473,0.0029381866920279993,0.0,6.103515625e-05,0.00010067654639175257,True,7,8,3
rotation,15,-0.008344469394922291,-0.008391228592514366,-0.008367848993718329,-0.009999137027055257,-0.006629751277514188,0.0026289112824333344,0.0018389943234964651,0.003509046455518203,0.0,6.103515625e-05,0.00010067654639175257,True,7,8,4
rotation,15,-0.01067608807115687,-0.009691811148692397,-0.010183949609924636,-0.01137796571590056,-0.008954256164008348,0.002722333723964724,0.0016157749237249877,0.003966426991732785,0.0,6.103515625e-05,0.00010067654639175257,True,7,8,5
rotation,15,-0.01378333094286166,-0.00938664376215957,-0.011584987352510616,-0.01249230802134709,-0.01060838191184463,0.005073979700767145,0.003638318230998354,0.0066801949619591,0.0,6.103515625e-05,0.00010067654639175257,True,7,8,6
rotation,15,-0.012872307530571784,-0.009195867129650844,-0.01103408733011131,-0.012010409240097815,-0.010050431596099677,0.003886881535196144,0.0025179856804351474,0.005449047660261306,0.0,6.103515625e-05,0.00010067654639175257,True,7,8,7
rotation,15,-0.0122496295821752,-0.008013521725859759,-0.01013157565401748,-0.011429627751869354,-0.008927872952902968,0.004342351123861531,0.0030247973559444463,0.005828124350339151,0.0,6.103515625e-05,0.00010067654639175257,True,7,8,8
rotation,15,-0.009638681289505024,-0.006269185310536308,-0.007953933300020666,-0.00899766349260402,-0.006968586315535669,0.0033737403009072428,0.0022199364865434315,0.004616222185035101,0.0,6.103515625e-05,0.00010067654639175257,True,7,8,9
rotation,15,-0.00015413014360345407,0.0001964678761685801,2.116886628256304e-05,-0.00041596692092727827,0.0005929117739399261,0.0008394017659973355,0.00039405238120126455,0.0015283353988808153,0.4,0.95440673828125,0.9604092963836478,True,7,14,0
rotation,15,0.0007661112740361614,0.001916344904460888,0.0013412280892485247,0.00014711697966431032,0.0027234474765280505,0.0018627043664471196,0.0008620897304113214,0.0032936590970114145,0.6,0.07940673828125,0.0977313701923077,True,7,14,1
rotation,15,0.0066559900224814434,0.004198979129265789,0.005427484575873618,0.0040291679024738675,0.00677549377279468,0.004361031105079192,0.0029093160198108425,0.005821475013005383,0.9333333333333333,0.0001220703125,0.00018425707547169813,True,7,14,2
rotation,15,0.01031296135155566,0.004658352210171573,0.007485656780863617,0.006347937552359555,0.008700467406458998,0.00704898361457249,0.005361508678838316,0.008759995257294354,1.0,6.103515625e-05,0.00010067654639175257,True,7,14,3
rotation,15,0.00921693976171739,0.005067859715414211,0.0071423997385658,0.005974489934786355,0.008453211971222686,0.0055776520726883985,0.0038758110871042885,0.007385720067075757,1.0,6.103515625e-05,0.00010067654639175257,True,7,14,4
rotation,15,0.009915853350552692,0.005726836769516202,0.007821345060034447,0.006505100380206765,0.009286158085248564,0.00504471907126969,0.003594413687559222,0.006536233119741785,1.0,6.103515625e-05,0.00010067654639175257,True,7,14,5
rotation,15,0.01105695458136438,0.00837519112244357,0.009716072851903975,0.008358192015357226,0.011034478638306302,0.004194826180517619,0.0027495675060402497,0.005826822762252235,1.0,6.103515625e-05,0.00010067654639175257,True,7,14,6
rotation,15,0.010629405706847317,0.009171613014343513,0.009900509360595415,0.00872161475210658,0.011073249993459105,0.004180184171564579,0.0027768494669185555,0.0057642952064010005,1.0,6.103515625e-05,0.00010067654639175257,True,7,14,7
rotation,15,0.008405139426399836,0.008743809816974053,0.008574474621686944,0.007513371407350587,0.009610142057577584,0.004355110911065625,0.0028425370005053,0.005997486195715829,1.0,6.103515625e-05,0.00010067654639175257,True,7,14,8
rotation,15,0.00503592180398384,0.0062134013188691875,0.005624661561426513,0.004760665864272033,0.006496208584081089,0.004210812012118827,0.0031351038430604008,0.005331659983664018,1.0,6.103515625e-05,0.00010067654639175257,True,7,14,9
rotation,15,0.0011690424283737815,0.000743503753495279,0.0009562730909345302,0.00045757590793647795,0.0015914506878694174,0.00045968138963621124,0.00027192810042931705,0.0006626414871347374,0.9333333333333333,0.0001220703125,0.00018425707547169813,True,7,17,0
rotation,15,0.0027804055656871353,0.001471121818676218,0.0021257636921816767,0.0013387404052023634,0.00299543958644824,0.001316825661808892,0.0007941147484597495,0.0018986147224355756,1.0,6.103515625e-05,0.00010067654639175257,True,7,17,1
rotation,15,0.00517924107393315,0.0025988097723222254,0.0038890254231276873,0.002877323931573074,0.004929427876088865,0.002784668035100905,0.0021038684348504873,0.003482803978889476,1.0,6.103515625e-05,0.00010067654639175257,True,7,17,2
rotation,15,0.006670304379507902,0.003880864369973334,0.005275584374740618,0.004308607425588009,0.006232730143172189,0.003180612219102053,0.0023884534753642623,0.004040410719118795,1.0,6.103515625e-05,0.00010067654639175257,True,7,17,3
rotation,15,0.00745197016272979,0.004611837097227971,0.0060319036299788815,0.005314613737833249,0.0067314322017269605,0.003226817299133437,0.0023438006677727794,0.004162986677662601,1.0,6.103515625e-05,0.00010067654639175257,True,7,17,4
rotation,15,0.007581322283090394,0.005383071734881025,0.0064821970089857074,0.005814803701046643,0.007065152865113366,0.0029506952422232078,0.0020148296231265847,0.0039475589711742845,1.0,6.103515625e-05,0.00010067654639175257,True,7,17,5
rotation,15,0.007874463335382227,0.005257536683702711,0.006566000009542469,0.005914405940132689,0.007176692787682743,0.003155324847831234,0.0022646221815106967,0.004132182893426292,1.0,6.103515625e-05,0.00010067654639175257,True,7,17,6
rotation,15,0.007501722130717319,0.005130109005181257,0.006315915567949288,0.005629931638794524,0.007013162028216923,0.0027608788897395963,0.0017787995117860924,0.0038291078229615687,1.0,6.103515625e-05,0.00010067654639175257,True,7,17,7
rotation,15,0.0073804747174887,0.004966165208750696,0.006173319963119698,0.005480595957591879,0.006914601001942176,0.002859932508022777,0.001956875843236551,0.0038328672372642306,1.0,6.103515625e-05,0.00010067654639175257,True,7,17,8
rotation,15,0.00642950939191595,0.004561203263440009,0.005495356327677979,0.004998374700723794,0.006081641359728075,0.0022987405814859623,0.0015317048134653763,0.003105557758645122,1.0,6.103515625e-05,0.00010067654639175257,True,7,17,9
rotation,15,-0.00021521857870505882,-0.0011178517569676073,-0.0006665351678363329,-0.0014194237260888247,-0.00017296634546526475,0.0009231056893000213,0.0005681145699573542,0.001295721278095316,0.2,0.004241943359375,0.005655924479166667,True,8,0,0
rotation,15,-0.000778525714763557,-0.002940078383364482,-0.0018593020490640195,-0.00314441726644475,-0.0008563553981034342,0.0021615526686009257,0.0014831090574319893,0.0028830835258267565,0.06666666666666667,0.0001220703125,0.00018425707547169813,True,8,0,1
rotation,15,-0.0029451853162793576,-0.006595701809749685,-0.0047704435630145205,-0.006666947300156838,-0.0030441863901098194,0.003824096152248729,0.002292365982987652,0.005674814867204175,0.0,6.103515625e-05,0.00010067654639175257,True,8,0,2
rotation,15,-0.0054081492788333315,-0.013783737108779394,-0.009595943193806362,-0.012056282772042024,-0.007077280063583046,0.008456908096410368,0.005195282663683483,0.01193826342177426,0.0,6.103515625e-05,0.00010067654639175257,True,8,0,3
rotation,15,-0.010635866947981323,-0.019385062768649534,-0.015010464858315427,-0.017520864092321797,-0.012186228421133819,0.010203502816729873,0.006907347551464427,0.01468537677408538,0.0,6.103515625e-05,0.00010067654639175257,True,8,0,4
rotation,15,-0.015764043756886097,-0.02597711837485454,-0.020870581065870312,-0.023251149633552126,-0.018605849969863746,0.011297782939406436,0.007120394529731975,0.016618032586520455,0.0,6.103515625e-05,0.00010067654639175257,True,8,0,5
rotation,15,-0.025145434071031352,-0.020174857227044898,-0.022660145649038132,-0.024233771269169316,-0.021094180248278836,0.006031300700982632,0.003484874721937259,0.008841993795660127,0.0,6.103515625e-05,0.00010067654639175257,True,8,0,6
rotation,15,-0.02699688401902817,-0.019288964325652233,-0.023142924172340203,-0.025172296983720845,-0.021195035018496452,0.007899051449142113,0.005017860502813267,0.01098754127724646,0.0,6.103515625e-05,0.00010067654639175257,True,8,0,7
rotation,15,-0.027381506407320424,-0.0165224450787136,-0.02195197574301701,-0.024843385759015235,-0.01921838048711041,0.011073455460942398,0.00785490676793699,0.014527697333727314,0.0,6.103515625e-05,0.00010067654639175257,True,8,0,8
rotation,15,-0.020174931630227304,-0.014293924232079418,-0.01723442793115336,-0.020342264144380767,-0.014535407275525032,0.006624942764462131,0.003820004380611109,0.00961688238132618,0.0,6.103515625e-05,0.00010067654639175257,True,8,0,9
rotation,15,-0.0005406052370280089,-0.0007178018186838397,-0.0006292035278559241,-0.0012690211892747436,-0.0001470006343297716,0.0007506723824349227,0.0004147258006458448,0.0011394921278367516,0.3333333333333333,0.0225830078125,0.02845103346456693,True,8,8,0
rotation,15,-0.0003561254406530639,-0.003038218451805857,-0.0016971719462294604,-0.0029646323383509376,-0.0008673797769783781,0.002766237903672457,0.0016559981400537662,0.004043325681977423,0.0,6.103515625e-05,0.00010067654639175257,True,8,8,1
rotation,15,-0.0008468313565842607,-0.006667091956525992,-0.0037569616565551263,-0.0058815856605925814,-0.001887653949157997,0.005820260599941731,0.00412997251232407,0.00759247148991947,0.13333333333333333,0.00079345703125,0.0011437218468468469,True,8,8,2
rotation,15,-0.0048526588252251245,-0.012498214569676338,-0.008675436697450729,-0.01118324393380925,-0.0061358062594416545,0.007909971223217486,0.005773393315909831,0.010130720664933474,0.0,6.103515625e-05,0.00010067654639175257,True,8,8,3
rotation,15,-0.007914404506343703,-0.0164022724671376,-0.01215833848674065,-0.014628030154756286,-0.009454475056043063,0.009473919488642112,0.00726492042582281,0.011622162436912194,0.0,6.103515625e-05,0.00010067654639175257,True,8,8,4
rotation,15,-0.01216310932740673,-0.01891385475638383,-0.01553848204189528,-0.017874719314979248,-0.013109888099507461,0.007839578583318555,0.005778408107407581,0.009882589038407894,0.0,6.103515625e-05,0.00010067654639175257,True,8,8,5
rotation,15,-0.020028389337335934,-0.01730180003233155,-0.018665094684833742,-0.021033340023574116,-0.016181780191130053,0.005574557116732261,0.0033129625962278896,0.007804063060316617,0.0,6.103515625e-05,0.00010067654639175257,True,8,8,6
rotation,15,-0.020372425148549762,-0.017998864889047037,-0.019185645018798398,-0.021686756480302046,-0.01679076140354092,0.0052865258581604145,0.0033717290581084165,0.007408080249579268,0.0,6.103515625e-05,0.00010067654639175257,True,8,8,7
rotation,15,-0.02120221016895245,-0.015159760445364389,-0.018180985307158424,-0.021066658516559204,-0.015578679534901994,0.00714019216635384,0.004594503822062527,0.009852775315515167,0.0,6.103515625e-05,0.00010067654639175257,True,8,8,8
rotation,15,-0.017106029337298993,-0.011481983264999265,-0.01429400630114913,-0.016822141387981857,-0.01205280086851111,0.006065934605668804,0.003493839299524252,0.008817867771164969,0.0,6.103515625e-05,0.00010067654639175257,True,8,8,9
rotation,15,0.0003363716525764556,0.0005506598816014621,0.00044351576708895877,-0.0002007498613430212,0.0012874261254547843,0.0011243950026129522,0.0004979510766050886,0.00215765796969727,0.6,0.3343505859375,0.38690141636690645,True,8,14,0
rotation,15,0.0019391406509993853,0.0032614702209684196,0.0026003054359839016,0.0008134529027956376,0.004597414963185798,0.002655422801172023,0.0012307660836612827,0.004744798793126545,0.6,0.01751708984375,0.022243923611111112,True,8,14,1
rotation,15,0.009002492965565692,0.005881503019807977,0.007441997992686836,0.005534630486291201,0.009332519370736266,0.004965794887237268,0.003367995679334482,0.0066222862970394146,0.9333333333333333,0.0001220703125,0.00018425707547169813,True,8,14,2
rotation,15,0.012717877236505385,0.005787651995719197,0.009252764616112292,0.007815864350821726,0.010827472722997751,0.008459685707945629,0.006585209150355097,0.010171188953559283,1.0,6.103515625e-05,0.00010067654639175257,True,8,14,3
rotation,15,0.01131404403815375,0.006190803650611019,0.008752423844382386,0.007040888420304002,0.01062684683854726,0.006326951434239816,0.004312853615706964,0.008415068630038226,1.0,6.103515625e-05,0.00010067654639175257,True,8,14,4
rotation,15,0.011728872206945063,0.007740816200671326,0.009734844203808194,0.007860075611796044,0.011817703091753137,0.004789429013557735,0.00316404943483091,0.006598399920526054,1.0,6.103515625e-05,0.00010067654639175257,True,8,14,5
rotation,15,0.013238263768911148,0.013248589238133775,0.013243426503522464,0.01137046366189579,0.01503953563895146,0.0036257762580268996,0.002404355107822683,0.004943587395116228,1.0,6.103515625e-05,0.00010067654639175257,True,8,14,6
rotation,15,0.012493073944872791,0.014989371286797476,0.013741222615835132,0.012133076647098943,0.015339408579641535,0.0059286240756049845,0.004292462139381037,0.007718122053265617,1.0,6.103515625e-05,0.00010067654639175257,True,8,14,7
rotation,15,0.010041860866318336,0.014854393312130213,0.012448127089224275,0.010883403851233283,0.014052973732423897,0.007221759053820656,0.004661435660273991,0.010042169956775262,1.0,6.103515625e-05,0.00010067654639175257,True,8,14,8
rotation,15,0.006396027937748982,0.01117345826790011,0.008784743102824543,0.007523823415022014,0.010084745422246853,0.007516906080042244,0.005427235018432694,0.009902333889259525,1.0,6.103515625e-05,0.00010067654639175257,True,8,14,9
rotation,15,0.0014018462686372947,0.0011185970690980825,0.0012602216688676886,0.0006151202440643906,0.0020826270528290095,0.00032593887210241297,0.0002158879583084758,0.0004301299644892361,1.0,6.103515625e-05,0.00010067654639175257,True,8,17,0
rotation,15,0.0031014470349030533,0.002175539749560753,0.002638493392231904,0.0015941569020059888,0.003798385421469304,0.0009281775205051279,0.0005550592505651008,0.0013488953671972996,1.0,6.103515625e-05,0.00010067654639175257,True,8,17,1
rotation,15,0.005737188973230614,0.0037172728111838807,0.004727230892207246,0.003368569096885925,0.006118707059957423,0.0022130618623599522,0.0016270651049869406,0.002832306471241467,1.0,6.103515625e-05,0.00010067654639175257,True,8,17,2
rotation,15,0.007359190734697025,0.005259771579533795,0.00630948115711541,0.004893965289691685,0.0077246588392477335,0.0023842932214732933,0.0016506043249121312,0.0032126535261009837,1.0,6.103515625e-05,0.00010067654639175257,True,8,17,3
rotation,15,0.008793727732338077,0.006493007380049441,0.0076433675561937585,0.006448128497206476,0.008838029466882032,0.0025171936533811773,0.0015850005930906352,0.0036394622691968206,1.0,6.103515625e-05,0.00010067654639175257,True,8,17,4
rotation,15,0.00928471235166519,0.007435076616796397,0.008359894484230796,0.007492169578859273,0.009124351494124919,0.002370688768115355,0.0013659558690511495,0.0035467294851262605,1.0,6.103515625e-05,0.00010067654639175257,True,8,17,5
rotation,15,0.010441149930804439,0.007763710271365743,0.009102430101085092,0.008266156406517598,0.009920127658370182,0.0029731689201581884,0.0018015947903889282,0.004291240137522048,1.0,6.103515625e-05,0.00010067654639175257,True,8,17,6
rotation,15,0.0106853481562954,0.007945652141425936,0.00931550014886067,0.008330954162675961,0.010309358426072427,0.003001150433162742,0.0017711286746224459,0.004399144738769491,1.0,6.103515625e-05,0.00010067654639175257,True,8,17,7
rotation,15,0.011087317488273322,0.008163805592321959,0.009625561540297641,0.008545734301831927,0.010761568599587408,0.0033428116730119164,0.002188148838914615,0.00460816751655897,1.0,6.103515625e-05,0.00010067654639175257,True,8,17,8
rotation,15,0.010080628643709434,0.007575024084063765,0.008827826363886598,0.008017073448792978,0.0097409570730377,0.0028246888453195744,0.0018421404346755307,0.003909433947021249,1.0,6.103515625e-05,0.00010067654639175257,True,8,17,9
rotation,15,0.0006546419648572145,7.25103786759211e-06,0.00033094650136240324,-0.0002314801332189695,0.000982454583554179,0.0013914512136965565,0.0006460622131707142,0.0022757026708715078,0.5333333333333333,0.33612060546875,0.38690141636690645,True,9,0,0
rotation,15,0.0014904582798259253,-0.001738816501754231,-0.00012417911096415286,-0.00140824950576615,0.0010513240297529657,0.00533625921860247,0.00314339077239969,0.007843714846878798,0.4666666666666667,0.85693359375,0.8733081210191083,True,9,0,1
rotation,15,0.001559891524337959,-0.003391668789355715,-0.0009158886325088784,-0.003971250824529629,0.0019857148441908444,0.011637680716051242,0.007925096753864446,0.016038504118916913,0.3333333333333333,0.58441162109375,0.6317963471283784,True,9,0,2
rotation,15,0.00127613768247554,-0.003559585470000334,-0.0011417238937623969,-0.006293514898893886,0.003573127626955993,0.011789554181885481,0.007328112921491717,0.016950715285821105,0.4,0.6771240234375,0.7174824089403974,True,9,0,3
rotation,15,0.002206282571364666,0.0014552174391854237,0.0018307500052750442,-0.004270665533700873,0.007381959005793084,0.009467166996722497,0.005832921429484189,0.013520573459108834,0.7333333333333333,0.54736328125,0.5989583333333334,True,9,0,4
rotation,15,0.007599792167630717,0.006519935620795775,0.0070598638942132455,0.0009197762958828259,0.012095620706590964,0.009725899823572137,0.0061850693496512624,0.014017451374983897,0.8666666666666667,0.03277587890625,0.040652252906976744,True,9,0,5
rotation,15,0.0021919246227545108,0.022996410069430668,0.01259416734609259,0.007129608482733846,0.016658903866075443,0.02080448544667616,0.01655412949505637,0.02474468979450912,0.9333333333333333,0.00103759765625,0.0014436141304347825,True,9,0,6
rotation,15,-0.004518675185359216,0.021947852598804697,0.00871458870672274,0.002076305332161496,0.013772143752420708,0.026466527784163914,0.020167831858236528,0.032433868720151665,0.8666666666666667,0.0172119140625,0.02203125,True,9,0,7
rotation,15,-0.0118202643041822,0.014754406792632702,0.0014670712442252502,-0.005624083463170205,0.007706463117454473,0.026574671096814894,0.019968060609111115,0.033424975795193476,0.6,0.682861328125,0.7187627655228758,True,9,0,8
rotation,15,-0.0040209121758583545,-0.007372086430402075,-0.005696499303130214,-0.013954221179347737,0.0012254716605170756,0.01571931818861237,0.009779702315765141,0.022234996978533806,0.4,0.1773681640625,0.213375234962406,True,9,0,9
rotation,15,0.00043519563502756545,-0.0001005649765703099,0.0001673153292286278,-0.00020751730079080155,0.0005189684796342332,0.0012028816562795633,0.0007654403671866731,0.0016694455028266328,0.6,0.39013671875,0.4427083333333333,True,9,8,0
rotation,15,0.0010738707765820606,-0.003487644983609114,-0.0012068871035135268,-0.0021059255024952327,-0.0004654243842001123,0.004848734679089123,0.0030271988713468164,0.006901119368941465,0.06666666666666667,0.0047607421875,0.006295196280991735,True,9,8,1
rotation,15,0.002132268365568466,-0.009303668748342053,-0.003585700191386793,-0.005593771857016887,-0.0017288605603811228,0.011685544075985866,0.007964753756906081,0.015598542401994254,0.06666666666666667,0.001708984375,0.002357219827586207,True,9,8,2
rotation,15,0.0005853817741099394,-0.016509797262918614,-0.007962207744404337,-0.011697582575790452,-0.004363167754190379,0.01767580540007446,0.013169674243724179,0.022174419352760297,0.13333333333333333,0.00103759765625,0.0014436141304347825,True,9,8,3
rotation,15,-0.00023213304077094408,-0.021577601856906593,-0.010904867448838769,-0.015452915608678891,-0.006320972118647564,0.02162494406732502,0.016521800205155278,0.026481896859131965,0.13333333333333333,0.000732421875,0.001065340909090909,True,9,8,4
rotation,15,-0.002611244830108087,-0.022433273381408284,-0.01252225910575819,-0.017919283037942567,-0.006886399576714507,0.019870940353905957,0.014750518114160891,0.025063293036199655,0.13333333333333333,0.0009765625,0.0013827433628318584,True,9,8,5
rotation,15,-0.00983551117879336,-0.0172289508207581,-0.013532230999775732,-0.020180771413585187,-0.006838114837972296,0.011316740225327148,0.007657203125199824,0.015196895712101926,0.2,0.00238037109375,0.0032276218220338984,True,9,8,6
rotation,15,-0.01524771037880689,-0.02400112968388807,-0.01962442003134748,-0.0271148125376892,-0.012656888819216503,0.015079667937328964,0.011581224981302617,0.01852267979668405,0.06666666666666667,0.00018310546875,0.0002738025700934579,True,9,8,7
rotation,15,-0.020342049094728434,-0.02058267191577663,-0.02046236050525253,-0.0284986534590349,-0.013474100736911396,0.01412399401454439,0.010309242704810284,0.01785276397527836,0.06666666666666667,0.0001220703125,0.00018425707547169813,True,9,8,8
rotation,15,-0.018686777541639905,-0.018056269115388195,-0.018371523328514047,-0.025862907307587214,-0.012509898591336997,0.011866901859059639,0.008404879696982247,0.015809133533993547,0.0,6.103515625e-05,0.00010067654639175257,True,9,8,9
rotation,15,0.0015875381777149125,0.0015491918341530573,0.001568365005933985,0.0006547725098607548,0.0027385908287754514,0.0012649257445243684,0.0005545079463060366,0.002440722973443855,0.8666666666666667,0.002197265625,0.0030048076923076925,True,9,14,0
rotation,15,0.002962573417719863,0.004732098032337915,0.0038473357250288893,0.00167766319962305,0.006195301199471721,0.0036450029931023057,0.0020106852075575813,0.005997451280684844,0.7333333333333333,0.00396728515625,0.005334164915966387,True,9,14,1
rotation,15,0.007683203685798004,0.008370400135039454,0.00802680191041873,0.005919331234430935,0.010030237716278645,0.0033539335894085935,0.002125962039913851,0.0048415786029993675,0.9333333333333333,0.0001220703125,0.00018425707547169813,True,9,14,2
rotation,15,0.011780384776047386,0.009597663326350014,0.010689024051198698,0.008577296398052933,0.012788041900553193,0.005171057876960063,0.003641295424624351,0.0067940547515526525,1.0,6.103515625e-05,0.00010067654639175257,True,9,14,3
rotation,15,0.011340492129412865,0.011580598984268105,0.011460545556840486,0.008559586398857452,0.014133808556683438,0.004540030903247479,0.002473184138561121,0.006935526377166334,0.9333333333333333,0.0001220703125,0.00018425707547169813,True,9,14,4
rotation,15,0.011508164541324147,0.015776233743167573,0.013642199142245858,0.01115320157831358,0.016004529591327095,0.007824466442481049,0.005390108590005083,0.01034189862876291,1.0,6.103515625e-05,0.00010067654639175257,True,9,14,5
rotation,15,0.012865398091620066,0.02296020893922381,0.01791280351542194,0.01584693771593924,0.019684633745951086,0.011390118673528966,0.00898952268583035,0.013954293226962922,1.0,6.103515625e-05,0.00010067654639175257,True,9,14,6
rotation,15,0.012544634349647083,0.02540593707825708,0.018975285713952083,0.017319958660131682,0.020672797282576538,0.013743005519441017,0.009863666856790201,0.01768258765181856,1.0,6.103515625e-05,0.00010067654639175257,True,9,14,7
rotation,15,0.011886172353723514,0.027254284155596963,0.019570228254660246,0.017314246749108173,0.021783845323318094,0.015480034252366076,0.010289738555341748,0.020797228158909963,1.0,6.103515625e-05,0.00010067654639175257,True,9,14,8
rotation,15,0.009356122965019316,0.02197597015050052,0.015666046557759918,0.013372159564918374,0.01793770460146942,0.014194035402184259,0.009939558199432699,0.01891683963053349,1.0,6.103515625e-05,0.00010067654639175257,True,9,14,9
rotation,15,0.0012364384476374053,0.00123643893319983,0.0012364386904186178,0.0005126139574605771,0.0021302855127902317,8.800623635724547e-10,2.858625975133148e-10,1.5950780572191584e-09,0.9333333333333333,0.0001220703125,0.00018425707547169813,True,9,17,0
rotation,15,0.0028253292546512043,0.002825328523055579,0.0028253288888533917,0.001546390351783594,0.004215664451538308,1.8762280285888977e-09,7.613548100622823e-10,3.117293490318166e-09,0.9333333333333333,0.0001220703125,0.00018425707547169813,True,9,17,1
rotation,15,0.006163528153354327,0.0061635295018238195,0.006163528827589073,0.004391139139957363,0.007919311198228113,3.2540827780850115e-09,1.31463904153249e-09,5.691778771002705e-09,1.0,6.103515625e-05,0.00010067654639175257,True,9,17,2
rotation,15,0.00839688861892196,0.008396891578211116,0.00839689009856654,0.006494643076860135,0.010284789375616367,6.176081848415296e-09,2.5679451909463214e-09,1.0901515622771918e-08,1.0,6.103515625e-05,0.00010067654639175257,True,9,17,3
rotation,15,0.01056585972614013,0.010565861729493722,0.010565860727816928,0.00868572491398113,0.012360560627884256,8.730315993165279e-09,5.676039145107759e-09,1.1711050903311554e-08,1.0,6.103515625e-05,0.00010067654639175257,True,9,17,4
rotation,15,0.011189880385437966,0.011189883005784005,0.011189881695610986,0.010253890503845686,0.011997231668651692,1.1318078330565158e-08,6.0367213209020875e-09,1.7745949516693426e-08,1.0,6.103515625e-05,0.00010067654639175257,True,9,17,5
rotation,15,0.013268592269692686,0.013268594525566207,0.013268593397629449,0.011903831773240002,0.01459346078775352,5.877741037519739e-09,2.555703582131363e-09,9.773664807723295e-09,1.0,6.103515625e-05,0.00010067654639175257,True,9,17,6
rotation,15,0.014457412839782085,0.014457417439796425,0.014457415139789254,0.01297938104542768,0.01594027903342613,7.383215549240189e-09,4.044555380012735e-09,1.0933263626626324e-08,1.0,6.103515625e-05,0.00010067654639175257,True,9,17,7
rotation,15,0.01568282301643498,0.015682823216480637,0.015682823116457807,0.013944406123965499,0.017369621795542346,9.464275981784416e-09,6.399671181909922e-09,1.2619955029324891e-08,1.0,6.103515625e-05,0.00010067654639175257,True,9,17,8
rotation,15,0.015259478400270029,0.015259483891464365,0.015259481145867197,0.013388389920571337,0.017113086263236016,1.144572581180762e-08,7.060184311191015e-09,1.631060443900665e-08,1.0,6.103515625e-05,0.00010067654639175257,True,9,17,9
translation,15,-4.919478049256323e-06,-1.7902865201634836e-05,-1.1411171625445578e-05,-0.00011871267216517839,9.794935985272659e-05,0.00019840758414421247,0.00011553296224192963,0.00029117185861831025,0.4666666666666667,0.84185791015625,0.8746575689935064,True,0,0,0
translation,15,-0.00011942751873687409,-3.953263684694377e-06,-6.169039121078423e-05,-0.00014569927861236492,1.613456394549238e-05,0.00025769354085779445,0.0001863307653571859,0.00033012173124558937,0.5333333333333333,0.1810302734375,0.21778078007518797,True,0,0,1
translation,15,-8.734801214416434e-05,-0.00013745960599772342,-0.00011240380907094391,-0.00022740380642117362,-1.4202064818886005e-06,0.0003557347568585364,0.00025483384007647127,0.00046518560400167475,0.3333333333333333,0.08001708984375,0.102421875,True,0,0,2
translation,15,-0.00010372625346793053,-0.00014547531748681535,-0.00012460078547737297,-0.00024104596236497583,-1.5728888111105842e-05,0.00020769043302233756,0.00013829282659733684,0.0002780361298262603,0.26666666666666666,0.05120849609375,0.06803919057377049,True,0,0,3
translation,15,-6.160287052422983e-05,-3.396771348555641e-05,-4.7785292004893116e-05,-0.0001470230763176806,4.045131558748416e-05,0.0003111666813002546,0.00020910049585159125,0.0004193638422853163,0.26666666666666666,0.38092041015625,0.44487055200729925,True,0,0,4
translation,15,-0.00011877572027366116,-5.386293996552556e-05,-8.631933011959335e-05,-0.00019030096648670273,6.653081983580716e-06,0.00022891756161022746,0.00015126195280294676,0.00033077558739534927,0.4666666666666667,0.11962890625,0.15071358267716536,True,0,0,5
translation,15,6.470399886907666e-06,4.589432802952045e-06,5.529916344929852e-06,-0.00010213375641017421,0.00011121664400166866,0.00023118701873866805,0.00015323317052293962,0.00031969696362709886,0.5333333333333333,0.9227294921875,0.9403612659235668,True,0,0,6
translation,15,-0.0001618930320801459,-7.554476463231196e-05,-0.0001187188983562289,-0.00022733290134135505,-2.0351668304706163e-05,0.00020539061427194536,0.00013901567264122197,0.0002745756561584783,0.4,0.04351806640625,0.059007547669491525,True,0,0,7
translation,15,-2.3228076119488173e-05,-2.0700749757358542e-05,-2.1964412938423363e-05,-0.00011162218653542393,7.907474865526569e-05,0.00023436891431664,0.0001579217199843966,0.0003265301968880062,0.26666666666666666,0.67425537109375,0.7289247255067568,True,0,0,8
translation,15,4.950431571963194e-06,-8.051971421309625e-05,-3.7784641320566534e-05,-0.0001410827133747792,5.741278705050652e-05,0.0003449896461372683,0.00022281348733263102,0.00047534812132988435,0.4,0.5,0.5594405594405595,True,0,0,9
translation,15,-8.269829145325122e-05,-5.932357413288244e-05,-7.101093279306684e-05,-0.0001790307251276937,4.756780878937728e-05,0.00035440005462182057,0.00024988334866069586,0.00046776646662498506,0.4,0.2467041015625,0.2945720615671642,True,0,8,0
translation,15,-5.279104593433915e-06,4.224616744449835e-05,1.8483531425532217e-05,-9.126190144548437e-05,0.00012563872435002798,0.000265632140715857,0.0001919937602411287,0.00033835455963448585,0.6,0.7513427734375,0.7961247930463576,True,0,8,1
translation,15,-0.0001314681671701654,0.00016013889465972645,1.4335363744780526e-05,-9.504270111978545e-05,0.00011785277401858295,0.0003286638480480912,0.00021355962424790423,0.00045129216052549643,0.6,0.79754638671875,0.8340354370915033,True,0,8,2
translation,15,-5.187481987210131e-05,-8.295511822349208e-06,-3.0085165847225263e-05,-0.0001334271878482192,6.471987040033642e-05,0.00033010345263480675,0.00023423956335503075,0.0004412094907733083,0.4666666666666667,0.5870361328125,0.6433272688356164,True,0,8,3
translation,15,-3.9898301738720615e-05,5.8594007570772644e-05,9.347852916026013e-06,-0.00010160218549157343,0.0001252066365163355,0.00040342809541321054,0.00024534561740127974,0.0006452082681807328,0.4666666666666667,0.87835693359375,0.9021935096153846,True,0,8,4
translation,15,-3.339780256014539e-05,3.480996094367599e-05,7.060791917653012e-07,-7.809885682849528e-05,8.089123425232738e-05,0.00025018894274541476,0.00013523998652903416,0.0003849374162808365,0.4666666666666667,0.98895263671875,0.99468994140625,True,0,8,5
translation,15,-4.939587911105856e-05,5.186788730347812e-05,1.2360040962097842e-06,-9.503064645994099e-05,0.00010255733585502055,0.0002537699866608492,0.00018542601235262406,0.00033887486411691547,0.5333333333333333,0.98193359375,0.9943631329113924,True,0,8,6
translation,15,-4.810902078243897e-05,-4.8755305014488964e-05,-4.843216289846398e-05,-0.00014923463815350504,4.109323993433951e-05,0.00014819517508879554,9.413752100917502e-05,0.00020588116552831682,0.4666666666666667,0.34796142578125,0.41239872685185186,True,0,8,7
translation,15,1.3801748545700095e-06,-3.445453908714542e-05,-1.6537182116287702e-05,-6.934582795275638e-05,3.60709441233562e-05,0.0002740349850400645,0.00015865656105865943,0.0004039001351324021,0.4,0.5582275390625,0.6159752155172413,True,0,8,8
translation,15,-2.7012145793501733e-06,-3.6709793727150185e-05,-1.9705504153250185e-05,-0.00011437868354261085,6.669629066947545e-05,0.00027658627563219274,0.00019585435971568828,0.0003621111358602296,0.5333333333333333,0.6890869140625,0.7399591023489933,True,0,8,9
translation,15,-0.00010370030401225634,3.0324266077684296e-05,-3.6688018967286026e-05,-0.00014103646013897291,7.926504715109448e-05,0.0003902992479983735,0.0002900902225491895,0.0004964411663968851,0.3333333333333333,0.5384521484375,0.5982801649305556,True,0,14,0
translation,15,-6.937638295274962e-05,0.0001660322962237293,4.832795663548984e-05,-8.290356217280945e-05,0.00017474932149902044,0.0003892773419124454,0.00023402414319016838,0.0005638122633050215,0.5333333333333333,0.4891357421875,0.5511388644366197,True,0,14,1
translation,15,7.434545283088673e-05,0.0005035714148061606,0.00028895843381852366,0.0001500065984029542,0.0004351165499600686,0.0005444899950716517,0.00032487147698444376,0.0007932306453590246,0.8,0.00146484375,0.002130681818181818,True,0,14,2
translation,15,0.0002602454977564534,0.000618577347307561,0.0004394114225320072,0.0002929782257497004,0.000577017951585443,0.0005790855655760246,0.00038960279958350695,0.0007845024955663162,0.9333333333333333,0.00018310546875,0.00029894770408163266,True,0,14,3
translation,15,0.00030161567770707517,0.0008712746524015568,0.000586445165054316,0.0003658840776061602,0.0008074955571236346,0.000611124988934439,0.00040678674751788566,0.0008305983647314608,0.8666666666666667,0.00030517578125,0.0004834467821782178,True,0,14,4
translation,15,0.00022847127919429475,0.001039291106063433,0.0006338811926288639,0.00045588003497308165,0.0008178549010639411,0.0008252430652280035,0.0005087932996553428,0.0011713489734516528,0.9333333333333333,0.0001220703125,0.00020777925531914894,True,0,14,5
translation,15,0.00037438034496935983,0.0011574824020452008,0.0007659313735072804,0.000557777559652465,0.0009842958274397639,0.0007831020570758412,0.0005434426341804225,0.0010449558446046722,1.0,6.103515625e-05,0.00010731456043956044,True,0,14,6
translation,15,0.0004853725253153491,0.0010934925568456878,0.0007894325410805185,0.0006424808735680673,0.0009460845379171402,0.0007306800563574467,0.00041569576625059487,0.0010971569712453658,1.0,6.103515625e-05,0.00010731456043956044,True,0,14,7
translation,15,0.0007019748917248547,0.0010534021930195235,0.0008776885423721891,0.0007368373603302917,0.0010262018084054607,0.0008017099990065285,0.0005081787933117408,0.0011229187155052602,1.0,6.103515625e-05,0.00010731456043956044,True,0,14,8
translation,15,0.000555258820429935,0.0006926933810299246,0.0006239761007299299,0.0004839466493055888,0.0007804060816592464,0.0006867932596919498,0.00042617851055289373,0.0009637317082705503,1.0,6.103515625e-05,0.00010731456043956044,True,0,14,9
translation,15,1.7468823728035583e-05,8.406934982500697e-05,5.0769086776521286e-05,-5.715195167249318e-05,0.00014987200964966223,0.0002552938915379464,0.0001695912939858303,0.0003446087653751213,0.6666666666666666,0.36016845703125,0.4237275965073529,True,0,17,0
translation,15,6.072012626630912e-05,0.0002855815645379825,0.0001731508454021458,9.094383510712028e-05,0.00025645005800417826,0.0003985930470433744,0.0002682032465441747,0.0005506071246260523,0.8,0.00177001953125,0.0025513795045045045,True,0,17,1
translation,15,0.00031437229693160457,0.0007005632560326966,0.0005074677764821507,0.0003740960337931793,0.0006508386033288169,0.0006811527347260935,0.00046583668870904234,0.0009263816314215788,0.9333333333333333,0.0001220703125,0.00020777925531914894,True,0,17,2
translation,15,0.0005951387213693948,0.000923411210371955,0.0007592749658706751,0.0006337134309867077,0.000896340100025317,0.0008453515048483894,0.0006282646853671249,0.0010743626960252278,1.0,6.103515625e-05,0.00010731456043956044,True,0,17,3
translation,15,0.0006239900752470213,0.0010290882029340804,0.0008265391390905508,0.000650700767390675,0.0010178758823685945,0.0007991647784149679,0.0005439886415897056,0.0010648135617612859,1.0,6.103515625e-05,0.00010731456043956044,True,0,17,4
translation,15,0.0006596979063767366,0.0012451661643727077,0.0009524320353747222,0.0007536113882833843,0.0011550604183676913,0.0006618437492703005,0.00048140522746543013,0.0008669934678668975,1.0,6.103515625e-05,0.00010731456043956044,True,0,17,5
translation,15,0.0007838741801719548,0.0011804583921470185,0.000982166286159487,0.0007597638647380994,0.0012115999952844161,0.0006802127630301716,0.00044215484433646576,0.0009497110139597548,1.0,6.103515625e-05,0.00010731456043956044,True,0,17,6
translation,15,0.000774771650818661,0.0009891017064523123,0.0008819366786354867,0.0007401999317359121,0.0010209412755154798,0.00045630664760699767,0.00027888448712364553,0.0006331669946233458,1.0,6.103515625e-05,0.00010731456043956044,True,0,17,7
translation,15,0.0009124722710596554,0.0008502526772816305,0.0008813624741706433,0.0007065519473886655,0.0010417018225995934,0.0004956681466174245,0.0003458715404819364,0.0006461975508917375,1.0,6.103515625e-05,0.00010731456043956044,True,0,17,8
translation,15,0.0009094798501872252,0.000858970284697633,0.0008842250674424291,0.0007201485163817107,0.0010157734033632891,0.0005066863937527217,0.00027726551298471624,0.0007551412115437935,1.0,6.103515625e-05,0.00010731456043956044,True,0,17,9
translation,15,-0.000481387881481367,-0.0007198248841905037,-0.0006006063828359353,-0.0009571704744201028,-0.0002784240229687098,0.00027809337664046104,0.00011674590322553399,0.0004969301625482954,0.13333333333333333,0.00140380859375,0.002060636467889908,True,7,0,0
translation,15,-0.0008166536963552009,-0.0017136800870545831,-0.0012651668917048919,-0.0017427956794235937,-0.0008299687998898249,0.0009150724825726416,0.0006411678366717083,0.0012340326849904187,0.0,6.103515625e-05,0.00010731456043956044,True,7,0,1
translation,15,-0.00208239800289801,-0.0035377636410499455,-0.0028100808219739776,-0.0033150276506661277,-0.0023184941715075473,0.0015717348587635652,0.0010817729648528599,0.0020943344367458055,0.0,6.103515625e-05,0.00010731456043956044,True,7,0,2
translation,15,-0.0036454133056006213,-0.006054473171788644,-0.004849943238694633,-0.005319917560571959,-0.004357269872127625,0.002409059866188022,0.0015560977900964318,0.0033099477140383143,0.0,6.103515625e-05,0.00010731456043956044,True,7,0,3
translation,15,-0.00513908861326694,-0.00755795909568359,-0.006348523854475266,-0.006788496175521914,-0.005897127267285234,0.0026503936596622866,0.0020549977625792374,0.003328323804911629,0.0,6.103515625e-05,0.00010731456043956044,True,7,0,4
translation,15,-0.006613876810653502,-0.00905384410380644,-0.00783386045722997,-0.008156654098692168,-0.007514192024710496,0.002699222431579699,0.002008674879992425,0.003510912553819533,0.0,6.103515625e-05,0.00010731456043956044,True,7,0,5
translation,15,-0.008033564887853025,-0.008720996523427718,-0.008377280705640372,-0.008739657096437788,-0.008003774946987343,0.0017018855753791623,0.0011208773369133264,0.0023446935177761237,0.0,6.103515625e-05,0.00010731456043956044,True,7,0,6
translation,15,-0.008172528162928105,-0.009112137169111795,-0.008642332666019948,-0.009121478889842115,-0.00816184982019703,0.001889672930401945,0.0011917873002603339,0.0026724341344025516,0.0,6.103515625e-05,0.00010731456043956044,True,7,0,7
translation,15,-0.009384780622927542,-0.008639518469806096,-0.009012149546366819,-0.009533752346706456,-0.008513812332544148,0.0018433263561520945,0.0010463955556713894,0.002743345632307649,0.0,6.103515625e-05,0.00010731456043956044,True,7,0,8
translation,15,-0.00911815711823981,-0.007862979568867005,-0.008490568343553407,-0.009003922075927292,-0.008011089105753925,0.0023866627710457367,0.0014475455551236757,0.003431573562643558,0.0,6.103515625e-05,0.00010731456043956044,True,7,0,9
translation,15,-0.00029711440666232476,-0.0003726516440474036,-0.0003348830253548642,-0.000582320069776356,-0.00013629366489605182,0.00033840505364956104,0.0001860855205189103,0.0005203517841573871,0.13333333333333333,0.00048828125,0.0007659313725490196,True,7,8,0
translation,15,-0.0007794044024146454,-0.0010201845034752933,-0.0008997944529449693,-0.0013005700523605885,-0.0005471075414357043,0.000519411288365076,0.0003184949381003334,0.0007615331018291691,0.0,6.103515625e-05,0.00010731456043956044,True,7,8,1
translation,15,-0.0019548650498172632,-0.002498901366745762,-0.002226883208281513,-0.0028060886958529508,-0.0016814827709088242,0.0007753189697518086,0.00039585532609886555,0.001222270551928375,0.0,6.103515625e-05,0.00010731456043956044,True,7,8,2
translation,15,-0.003837141806928679,-0.005205033561594911,-0.004521087684261793,-0.005021798710245223,-0.003994479241429487,0.0014223697059977804,0.0008928816176171689,0.001967082205222686,0.0,6.103515625e-05,0.00010731456043956044,True,7,8,3
translation,15,-0.005672342163028726,-0.006843472492916776,-0.006257907327972752,-0.0067365813725857844,-0.005701498130079434,0.001793468479098144,0.0013541558680310116,0.002257060230605405,0.0,6.103515625e-05,0.00010731456043956044,True,7,8,4
translation,15,-0.007375596428593376,-0.008516498986576092,-0.007946047707584733,-0.00837748390041155,-0.007447417762838245,0.0016967298950895243,0.0011673192249343897,0.0022674715820056625,0.0,6.103515625e-05,0.00010731456043956044,True,7,8,5
translation,15,-0.008748128196262982,-0.008453813536764977,-0.00860097086651398,-0.009044226233238988,-0.008138830025435926,0.0011298373497388482,0.0007100059444378668,0.0016186275433401317,0.0,6.103515625e-05,0.00010731456043956044,True,7,8,6
translation,15,-0.008757285391693232,-0.00929267024895707,-0.00902497782032515,-0.009540104159914945,-0.008524355560763123,0.0015101006319243539,0.0010695890697508493,0.001960934765610552,0.0,6.103515625e-05,0.00010731456043956044,True,7,8,7
translation,15,-0.00965490289565701,-0.008493326683452474,-0.009074114789554742,-0.009689700800654072,-0.008487344667490064,0.0016747848973457874,0.0009326882529575306,0.002564453590762708,0.0,6.103515625e-05,0.00010731456043956044,True,7,8,8
translation,15,-0.008878420633269291,-0.007434927200791992,-0.00815667391703064,-0.008679769420910545,-0.007673654414211709,0.0016470002803930669,0.0008711552612151326,0.0025731172548391023,0.0,6.103515625e-05,0.00010731456043956044,True,7,8,9
translation,15,-6.191779853368291e-05,0.0006269101726821967,0.00028249618707425694,4.374963220277249e-05,0.0005344670786943174,0.0007917563703351549,0.0004255239840002213,0.0012477701024814283,0.6666666666666666,0.0518798828125,0.06803919057377049,True,7,14,0
translation,15,-0.0004073510096980956,0.0005892601875269295,9.095458891441693e-05,-0.00024981663001052507,0.0004834653184449482,0.001297576004190394,0.000626758687749818,0.0021275606667545267,0.3333333333333333,0.6590576171875,0.7173416241496599,True,7,14,1
translation,15,-8.023362887885141e-05,0.0008032936982419586,0.0003615300346815535,-6.773683817679531e-05,0.0008066162596439357,0.0018109765573739822,0.0010980478774479184,0.002613955416939669,0.6666666666666666,0.14068603515625,0.17449430717054262,True,7,14,2
translation,15,0.0006042583268704789,0.00041908574907201907,0.0005116720379712491,-0.00010826732325329301,0.0010973580801110314,0.002608882277939854,0.0018381236870259913,0.003437797056100562,0.6666666666666666,0.1318359375,0.164794921875,True,7,14,3
translation,15,-0.00017444960788197896,0.0005450886281523162,0.00018531951013516862,-0.0003221773719000567,0.0006346898054782121,0.0018346830065370863,0.0012224111182143622,0.002557720302367905,0.7333333333333333,0.47125244140625,0.5370401152482269,True,7,14,4
translation,15,0.00013213547461259735,0.0014918720738956509,0.0008120037742541244,0.00020094302178413618,0.0013674833837113499,0.001956481390184587,0.0013605657108722458,0.0027277335108277963,0.8,0.0201416015625,0.027781519396551723,True,7,14,5
translation,15,0.0013477845863949644,0.0035554332156723613,0.0024516089010336636,0.0017359990734999416,0.0031233604253425116,0.002737809340940087,0.0017384795007039041,0.0038270143759313218,0.9333333333333333,0.00018310546875,0.00029894770408163266,True,7,14,6
translation,15,0.002222289593769759,0.004049562883499621,0.0031359262386346904,0.002541221555914272,0.0037177748614549756,0.003790943774038122,0.0026047888397993293,0.0050150233181173905,1.0,6.103515625e-05,0.00010731456043956044,True,7,14,7
translation,15,0.0014273420172574774,0.003655450020810501,0.0025413960190339892,0.002191751369640118,0.0029100629558405514,0.00419357041074778,0.002947688312367631,0.0054094003380579314,1.0,6.103515625e-05,0.00010731456043956044,True,7,14,8
translation,15,-0.0002643807007767592,0.0011762887725402433,0.0004559540358817418,3.765921323338421e-05,0.0009020236424761457,0.0037621411192238735,0.0025758495024894297,0.004937516783526749,0.6666666666666666,0.06927490234375,0.08938697076612903,True,7,14,9
translation,15,0.00018055165090129693,0.00048811713180173564,0.0003343343913515162,0.0001945877561278482,0.00049773046685255,0.00043039586363278353,0.0002669091405729391,0.0006068176503882622,0.9333333333333333,0.00030517578125,0.0004834467821782178,True,7,17,0
translation,15,0.0005216699850115925,0.0009794290191113178,0.000750549502061455,0.0005492035447763939,0.0009613742342590341,0.0007946990866086414,0.0004736073113317384,0.0011706643012494502,1.0,6.103515625e-05,0.00010731456043956044,True,7,17,1
translation,15,0.001058764058991731,0.0018298323406018865,0.0014442981997968088,0.0011976736639534417,0.0016881909946440403,0.0014643417847886536,0.0009549924148573882,0.002022341549650707,1.0,6.103515625e-05,0.00010731456043956044,True,7,17,2
translation,15,0.0018865267770846498,0.00322248756726215,0.0025545071721733994,0.0022710685656686276,0.002821881349549021,0.001974311015964627,0.0013530306286556315,0.0026605720823046314,1.0,6.103515625e-05,0.00010731456043956044,True,7,17,3
translation,15,0.0024358501283431233,0.0038611877467684577,0.003148518937555791,0.0028217880251900414,0.0034743623930891536,0.0017665360493520424,0.001020831189340023,0.0025790791946691282,1.0,6.103515625e-05,0.00010731456043956044,True,7,17,4
translation,15,0.0031149285363637953,0.004814637117506973,0.003964782826935384,0.0035956376299129417,0.004370442069977398,0.0018904074942777168,0.0012348931884591503,0.0025972151208142596,1.0,6.103515625e-05,0.00010731456043956044,True,7,17,5
translation,15,0.003463307177457958,0.0044001096241838246,0.003931708400820892,0.0035384362233086466,0.004365190230241895,0.001197980511095177,0.0007241284679773162,0.0017519582440447218,1.0,6.103515625e-05,0.00010731456043956044,True,7,17,6
translation,15,0.0034820618072451655,0.004399332251297101,0.003940697029271132,0.0034621818276304624,0.004387834151432949,0.0013650026857151205,0.0009316801773982591,0.0018142078851485263,1.0,6.103515625e-05,0.00010731456043956044,True,7,17,7
translation,15,0.004006960448937649,0.003996412193413995,0.004001686321175822,0.0035440387054355713,0.004422244058360752,0.001179374673379637,0.0006779387223503846,0.0017733892098576443,1.0,6.103515625e-05,0.00010731456043956044,True,7,17,8
translation,15,0.0039077152635684734,0.0037981667964961017,0.003852941030032288,0.0034480088335438804,0.004256836581688984,0.0015658187265691103,0.001010067509177001,0.002229250828400998,1.0,3.0517578125e-05,0.00010731456043956044,True,7,17,9
translation,15,-0.0010365230780383647,-0.0006797872301025036,-0.0008581551540704341,-0.0014086442714503324,-0.0003805364081489693,0.0008967394151538649,0.00041914913768758996,0.0015482377972732735,0.06666666666666667,0.0008544921875,0.0013146033653846155,True,8,0,0
translation,15,-0.0019218756446631345,-0.0019373681120396812,-0.0019296218783514073,-0.0027482440585699375,-0.0012096131928387933,0.0014193732211260361,0.000851079767678465,0.002091946851658876,0.0,6.103515625e-05,0.00010731456043956044,True,8,0,1
translation,15,-0.004884633339736623,-0.005425366515167678,-0.005154999927452151,-0.006330609441863714,-0.004071103346271114,0.0016731885277511556,0.0012076222696561934,0.002202329116966519,0.0,6.103515625e-05,0.00010731456043956044,True,8,0,2
translation,15,-0.008912223746342795,-0.011478784326788236,-0.010195504036565516,-0.011503866839667915,-0.008906701881050291,0.0030122004956345694,0.002006248884205108,0.0040752667240716335,0.0,6.103515625e-05,0.00010731456043956044,True,8,0,3
translation,15,-0.014234443102366521,-0.016114015958982673,-0.015174229530674595,-0.016434928582379254,-0.013890584293645465,0.0031387809556744093,0.0018287724406755783,0.005045127601608495,0.0,6.103515625e-05,0.00010731456043956044,True,8,0,4
translation,15,-0.019246206834060683,-0.02129976140401821,-0.02027298411903945,-0.02133368206470303,-0.019155390677583695,0.0035660855639601096,0.002363588778969912,0.00509982263796654,0.0,6.103515625e-05,0.00010731456043956044,True,8,0,5
translation,15,-0.025770242112899546,-0.020877226799355386,-0.023323734456127475,-0.024628313342466228,-0.02218665069726339,0.0051964414582948894,0.003535468153120866,0.006969638004941807,0.0,6.103515625e-05,0.00010731456043956044,True,8,0,6
translation,15,-0.025244117276297322,-0.02373662397966684,-0.02449037062798208,-0.025922322172762646,-0.023179981470595707,0.0022766729454717686,0.001209100720404176,0.0035921310959288583,0.0,6.103515625e-05,0.00010731456043956044,True,8,0,7
translation,15,-0.02776779614142292,-0.021957984039232315,-0.024862890090327612,-0.026450602682131896,-0.023526642227243044,0.005809812102190596,0.00457656416566433,0.007187625137665415,0.0,6.103515625e-05,0.00010731456043956044,True,8,0,8
translation,15,-0.025520694661066715,-0.021675240059214992,-0.023597967360140852,-0.025238558769880296,-0.02210532536335226,0.003845454601851722,0.0026117098502901246,0.005088149852764187,0.0,6.103515625e-05,0.00010731456043956044,True,8,0,9
translation,15,-0.0006788759430311472,-0.0004444649951561152,-0.0005616704690936312,-0.0009570677361615661,-0.00020887087911661712,0.0007778711570411145,0.00046835824799646174,0.0011415576406916697,0.13333333333333333,0.0045166015625,0.0063951880530973455,True,8,8,0
translation,15,-0.0016916684596030192,-0.0016295933408583577,-0.0016606309002306886,-0.002348159894509107,-0.001040295028976261,0.0011817229262173407,0.0007811988760071271,0.001678728025195189,0.0,6.103515625e-05,0.00010731456043956044,True,8,8,1
translation,15,-0.005061857761528423,-0.004055842395404395,-0.004558850078466408,-0.005721719471067255,-0.003479790002865889,0.0023581340477731917,0.0015969051518311022,0.0031475821809057044,0.0,6.103515625e-05,0.00010731456043956044,True,8,8,2
translation,15,-0.009993402188736306,-0.010140618952455965,-0.010067010570596136,-0.011546753275124739,-0.0085951982958082,0.0022414998960005547,0.0013296033857804616,0.0032334457325301613,0.0,6.103515625e-05,0.00010731456043956044,True,8,8,3
translation,15,-0.015777408627617718,-0.01473859164343694,-0.015258000135527331,-0.016838331461403906,-0.013600411713470604,0.0026969319566463776,0.0017456336202486377,0.003945928595518921,0.0,6.103515625e-05,0.00010731456043956044,True,8,8,4
translation,15,-0.020376760270180545,-0.018743982861410276,-0.01956037156579541,-0.021110140150700903,-0.017869201259486298,0.0026621925443161146,0.0014063049222186202,0.004183777898715355,0.0,6.103515625e-05,0.00010731456043956044,True,8,8,5
translation,15,-0.02495433219133377,-0.01884709474512615,-0.021900713468229964,-0.02339963897606572,-0.020427392782695637,0.006306329958576963,0.004997751240564137,0.007586435750334115,0.0,6.103515625e-05,0.00010731456043956044,True,8,8,6
translation,15,-0.02448381327308819,-0.022177542335287806,-0.023330677804188,-0.024699810987919547,-0.02204311425366043,0.0027911531378174226,0.001818108113223437,0.0038415719596341744,0.0,6.103515625e-05,0.00010731456043956044,True,8,8,7
translation,15,-0.026625291944843477,-0.020065177174334852,-0.02334523455958916,-0.025067852387621322,-0.021850682559287952,0.006623417887331775,0.004422542866909807,0.00892868105292914,0.0,6.103515625e-05,0.00010731456043956044,True,8,8,8
translation,15,-0.02376366355734018,-0.018987970967415346,-0.021375817262377764,-0.023249831512893223,-0.019687470588261126,0.004855975073349672,0.003296980485873019,0.006654611540784633,0.0,6.103515625e-05,0.00010731456043956044,True,8,8,9
translation,15,0.0002961764589494874,0.0010505218186930955,0.0006733491388212915,0.0003902101783942945,0.0009671940480991348,0.000990412524221227,0.0005135648999748638,0.0015899975096319726,0.8666666666666667,0.00079345703125,0.0012325546116504855,True,8,14,0
translation,15,-0.0006462709283961538,0.0008321276792686059,9.292837543622611e-05,-0.0005031472770357389,0.000748407760459223,0.0018100263731859188,0.0009219040962434225,0.0028890893685159214,0.3333333333333333,0.78265380859375,0.8238461143092105,True,8,14,1
translation,15,-0.0006684912549316938,0.00020097797095386247,-0.00023375664198891562,-0.00083718708222398,0.00035013086793904397,0.0022200886382537466,0.0013506342255605107,0.0031933872674924993,0.3333333333333333,0.4732666015625,0.5370401152482269,True,8,14,2
translation,15,0.0006465311534719247,-0.0008110002243321412,-8.223453543010828e-05,-0.00109946721514924,0.0008807905756653466,0.004349084530159095,0.0031249912045719285,0.005628842173639587,0.4666666666666667,0.879638671875,0.9021935096153846,True,8,14,3
translation,15,-0.0013181914411117314,-0.0012299923724456603,-0.0012740919067786957,-0.002088181969464328,-0.0004789233312085766,0.0031366150733889695,0.0021421540875430794,0.004259784270343258,0.2,0.00958251953125,0.013449150219298246,True,8,14,4
translation,15,-0.0013043192857071922,0.00016235819919969448,-0.000570980543253749,-0.0013141675205332267,0.00019201475373847448,0.003351289849078274,0.002379272154208011,0.004399258577406263,0.26666666666666666,0.169525146484375,0.20548502604166666,True,8,14,5
translation,15,0.0003562328362910312,0.004423032770708405,0.0023896328034997178,0.001390895080373547,0.0032429539160428776,0.005425889392834374,0.003901796742102467,0.006934727359879563,0.8666666666666667,0.00091552734375,0.0013950892857142857,True,8,14,6
translation,15,0.0015975778211274416,0.005180785058872492,0.0033891814399999655,0.0024055437655227723,0.004374565324739548,0.006682369840812344,0.004826230477782126,0.008530539292838205,0.9333333333333333,0.0001220703125,0.00020777925531914894,True,8,14,7
translation,15,0.00035040893926321644,0.004450088526682812,0.0024002487329730145,0.0017942233872573802,0.0030373991475148156,0.007793142479657367,0.005763205737139512,0.00985575858566542,1.0,6.103515625e-05,0.00010731456043956044,True,8,14,8
translation,15,-0.0025773105931223184,0.0008811082706821372,-0.0008481011612200905,-0.0016748052493381759,7.837720328805628e-05,0.006884879632391256,0.004728207569687556,0.009099921469918096,0.26666666666666666,0.09234619140625,0.11726500496031746,True,8,14,9
translation,15,0.0003462105571032304,0.0005039370505268949,0.0004250738038150626,0.00020698637368002495,0.0006820148883392353,0.0004159760516094903,0.00026348052620112495,0.0005881096932890223,0.8,0.0010986328125,0.001658313679245283,True,8,17,0
translation,15,0.0005882480646349199,0.0010441058185173308,0.0008161769415761252,0.0004879080141203573,0.001171972785304128,0.000608926637643765,0.0003642653065658899,0.0008811272829802978,0.8666666666666667,0.00030517578125,0.0004834467821782178,True,8,17,1
translation,15,0.001280166333181408,0.001981713180293107,0.001630939756737257,0.0012768252060454933,0.0019817783137231456,0.0011722816788816992,0.0007033275760377161,0.0017122615989506947,1.0,6.103515625e-05,0.00010731456043956044,True,8,17,2
translation,15,0.002632666088857767,0.004249685686518447,0.003441175887688108,0.0030003229255090064,0.0038688259474749446,0.0019395023839283198,0.001236219674397351,0.0026796753879716013,1.0,6.103515625e-05,0.00010731456043956044,True,8,17,3
translation,15,0.004039384659638242,0.005418786591494398,0.0047290856255663176,0.004288193639230195,0.005188567873911662,0.00162686446027328,0.000901608095780845,0.0024258434361663045,1.0,6.103515625e-05,0.00010731456043956044,True,8,17,4
translation,15,0.005173918624759943,0.007053761350158646,0.006113839987459296,0.005608019251539059,0.006651569468285677,0.0020446134701224993,0.0012073373862678382,0.002970286221101815,1.0,6.103515625e-05,0.00010731456043956044,True,8,17,5
translation,15,0.006150226145069731,0.0072299958068997435,0.006690110975984737,0.006163858830180501,0.007254024547646367,0.0015613392099986514,0.0008908803271561751,0.002286739743810307,1.0,6.103515625e-05,0.00010731456043956044,True,8,17,6
translation,15,0.006301540222328633,0.00744840469223416,0.006874972457281398,0.006226345508577379,0.00744705463226314,0.0017365850823955475,0.001269291963730269,0.0022093465443086754,1.0,6.103515625e-05,0.00010731456043956044,True,8,17,7
translation,15,0.006823646429627242,0.0070362089336207,0.0069299276816239715,0.006350651156180283,0.007490619983595035,0.0016845832052106214,0.0011250828847183193,0.002346858637890123,1.0,6.103515625e-05,0.00010731456043956044,True,8,17,8
translation,15,0.0068541753421543184,0.006594397847867628,0.006724286595010972,0.006061782944050477,0.007511444610594995,0.002373349262978165,0.001732741469977727,0.003092163317200613,1.0,6.103515625e-05,0.00010731456043956044,True,8,17,9
translation,15,-0.0010524159928187063,0.0010443693790942775,-4.0233068622143914e-06,-0.0010160806191109033,0.000771569112281949,0.0021553255520253413,0.0010476479224926219,0.0034654738795084905,0.6666666666666666,0.99468994140625,0.99468994140625,True,9,0,0
translation,15,-0.0019553886348110607,0.003242072770402349,0.0006433420677956439,-0.0010298527509961075,0.00204227817811574,0.005215731564941817,0.0028893514681236744,0.00785782833924081,0.8,0.45062255859375,0.5187022257194245,True,9,0,1
translation,15,-0.008161999537879949,0.0007147983848194604,-0.0037236005765302446,-0.006556005315155312,-0.00116056507327119,0.00948256986237111,0.005743980369140882,0.013621253850846199,0.2,0.015380859375,0.021399456521739132,True,9,0,2
translation,15,-0.02638522312252035,-0.009823968718722442,-0.0181045959206214,-0.022052092483724105,-0.014015509155362219,0.01825059458613447,0.014004746714443489,0.022407168739438328,0.0,6.103515625e-05,0.00010731456043956044,True,9,0,3
translation,15,-0.04082150086433303,-0.013773568775339149,-0.02729753481983609,-0.03224017779971976,-0.022368278424780667,0.02871864062495346,0.02326917087598628,0.034129034811653566,0.0,6.103515625e-05,0.00010731456043956044,True,9,0,4
translation,15,-0.045872967402742645,-0.009852000653084109,-0.027862484027913376,-0.034100917955163686,-0.02241135467364521,0.03602096674965853,0.031240730296017583,0.041006303356274344,0.0,6.103515625e-05,0.00010731456043956044,True,9,0,5
translation,15,-0.058812849344495224,0.004245622238810794,-0.027283613552842215,-0.03215416435557748,-0.02312271542510349,0.06305847158330602,0.05609112144123413,0.06985555824337616,0.0,6.103515625e-05,0.00010731456043956044,True,9,0,6
translation,15,-0.06681166749730494,-0.0032188468458235085,-0.03501525717156422,-0.04088031466115603,-0.030072433151452294,0.06359282065148143,0.05506984745074064,0.07234569850414792,0.0,6.103515625e-05,0.00010731456043956044,True,9,0,7
translation,15,-0.07416697934610886,-0.010903604936011052,-0.04253529214105996,-0.047798044932237625,-0.03740340385007618,0.0632633744100978,0.051813886760817135,0.07405712750269683,0.0,6.103515625e-05,0.00010731456043956044,True,9,0,8
translation,15,-0.05812808672495472,-0.056943857708080185,-0.057535972216517454,-0.0633192875401432,-0.051858561222754784,0.023622776799142865,0.014648597570130309,0.03296207824557448,0.0,6.103515625e-05,0.00010731456043956044,True,9,0,9
translation,15,-0.0006515625859362638,-0.000221314472401008,-0.0004364385291686359,-0.0010193157125983768,4.245045932809765e-05,0.0016634258429321924,0.0009319826447130734,0.002581737907733473,0.4666666666666667,0.1549072265625,0.19065504807692307,True,9,8,0
translation,15,-0.0034259930601615546,-0.001241471763256885,-0.0023337324117092204,-0.0037543286923833632,-0.0011397951017791163,0.00309202902345977,0.0016087983101529086,0.0048722512816692974,0.06666666666666667,0.00018310546875,0.00029894770408163266,True,9,8,1
translation,15,-0.012012369638756577,-0.004138244759633867,-0.008075307199195223,-0.010485818867291533,-0.005867874117722543,0.008619496869400615,0.005750180059817883,0.011688940225367268,0.0,6.103515625e-05,0.00010731456043956044,True,9,8,2
translation,15,-0.029453511965333926,-0.0165182067098388,-0.022985859337586356,-0.02716752855807799,-0.019040038640815524,0.014799149978101412,0.011144802887561972,0.018360819845826784,0.0,6.103515625e-05,0.00010731456043956044,True,9,8,3
translation,15,-0.04338624914064462,-0.030691403764855858,-0.037038826452750244,-0.043060011966843594,-0.030554824010095176,0.014995470455721183,0.010584264844771086,0.019455979895108628,0.0,6.103515625e-05,0.00010731456043956044,True,9,8,4
translation,15,-0.05357664315273684,-0.037969258734371895,-0.04577295094355437,-0.05225456641631387,-0.038685876887423094,0.016033486845498972,0.011058204656802989,0.02105662976181148,0.0,6.103515625e-05,0.00010731456043956044,True,9,8,5
translation,15,-0.06709876833262217,-0.032823456438547276,-0.04996111238558473,-0.056785340973019266,-0.04288648410318141,0.034275311894074914,0.02751742154827212,0.04100027354771714,0.0,6.103515625e-05,0.00010731456043956044,True,9,8,6
translation,15,-0.07067337282658075,-0.04303395281583922,-0.056853662821209995,-0.0627093877097622,-0.05111603300341252,0.027639420010741524,0.01909535083951385,0.036832684538575,0.0,6.103515625e-05,0.00010731456043956044,True,9,8,7
translation,15,-0.07199599445977237,-0.04439601888212812,-0.05819600667095025,-0.06319693643676592,-0.05329605492329353,0.029850822687188843,0.019095605563351988,0.04185896549799871,0.0,6.103515625e-05,0.00010731456043956044,True,9,8,8
translation,15,-0.07168532494014376,-0.06033508295706565,-0.06601020394860471,-0.0718770270147981,-0.059946308577556236,0.018920678442677856,0.011687114955160383,0.027450667083966967,0.0,6.103515625e-05,0.00010731456043956044,True,9,8,9
translation,15,0.0015141187973181586,0.0029601980577311287,0.0022371584275246437,0.00182498033880373,0.0026577919875157793,0.0015077521561512807,0.0008280426708533726,0.0023264007858550626,1.0,6.103515625e-05,0.00010731456043956044,True,9,14,0
translation,15,-0.0004594741428380285,0.0026237599194617717,0.0010821428883118717,0.0001607143286917542,0.0020409718264093627,0.0030832340622998,0.002009420385912037,0.0043468093040664926,0.6666666666666666,0.04949951171875,0.06655396533613446,True,9,14,1
translation,15,-0.0013762093869079987,0.00010928376364863935,-0.0006334628116296797,-0.0014254047745974583,0.00018310316124555095,0.0026604193550640873,0.0019466909931408647,0.0034987967813148333,0.4,0.1568603515625,0.19158516221374045,True,9,14,2
translation,15,0.0034771124436303574,-0.002619712399604698,0.0004287000220128297,-0.002064411769298206,0.0029608789507304723,0.00998331821970225,0.006583308285856718,0.013587017332268738,0.5333333333333333,0.7451171875,0.7947916666666667,True,9,14,3
translation,15,-0.0016572311534732843,-0.005133162396641491,-0.0033951967750573877,-0.005922763987239581,-0.0009436839774956498,0.007338490018300257,0.004100952321829976,0.010922485822939301,0.26666666666666666,0.0203857421875,0.027877938034188036,True,9,14,4
translation,15,-0.006114113085129854,-0.003107716967040352,-0.004610915026085103,-0.006727451541248142,-0.0025287638632816595,0.005635952988525259,0.003662761181998518,0.007846147623932261,0.13333333333333333,0.00128173828125,0.0018988715277777778,True,9,14,5
translation,15,-0.007366878829990841,0.002596444560061194,-0.002385217134964823,-0.004637132810817858,-0.00033579783281823927,0.011306778065113517,0.008427377351562656,0.014205210893480761,0.4,0.05169677734375,0.06803919057377049,True,9,14,6
translation,15,-0.006753628787018845,0.00459704247889242,-0.001078293154063212,-0.0033685227931162256,0.0011340298703595094,0.013792946949627414,0.010385833611475818,0.01732916695875207,0.4,0.384521484375,0.44582201086956524,True,9,14,7
translation,15,-0.008118955785829008,0.0019698421101729913,-0.0030745568378280084,-0.004832360143046136,-0.0014355920749815395,0.013457249873266814,0.00961779008582333,0.01767401123957867,0.13333333333333333,0.002685546875,0.0038364955357142855,True,9,14,8
translation,15,-0.012974043775186574,-0.0076552722554427,-0.010314658015314638,-0.012257187287660355,-0.008165693171267734,0.012213660276782466,0.007481672685339432,0.017694648626973553,0.0,6.103515625e-05,0.00010731456043956044,True,9,14,9
translation,15,0.0005812481470072511,0.0005812484904046254,0.0005812483187059381,0.00018562040695850398,0.0011027594127917804,9.696603827504338e-10,3.416454889986144e-10,1.8399501024465104e-09,0.8666666666666667,0.00128173828125,0.0018988715277777778,True,9,17,0
translation,15,0.0006709722244027465,0.0006709719883013224,0.0006709721063520343,8.23999430846419e-05,0.0013843334673910856,1.2753864881667464e-09,7.794608155529395e-10,1.7789315960114932e-09,0.6,0.0548095703125,0.07129700203252033,True,9,17,1
translation,15,0.0018319870054410465,0.0018319868958223907,0.0018319869506317188,0.0011698123372424337,0.002564290681385451,4.953122586546487e-09,2.6911773106816498e-09,7.374978805314202e-09,0.9333333333333333,0.00018310546875,0.00029894770408163266,True,9,17,2
translation,15,0.006368625410887241,0.00636862358167867,0.006368624496282956,0.005175497598306507,0.007538084735880781,7.563188560358082e-09,5.162629767273737e-09,9.945083855562747e-09,1.0,6.103515625e-05,0.00010731456043956044,True,9,17,3
translation,15,0.009144249244903013,0.009144248553976417,0.009144248899439716,0.007702123598788963,0.01060165833498561,6.293636822026633e-09,3.610479091576985e-09,9.142685978229546e-09,1.0,6.103515625e-05,0.00010731456043956044,True,9,17,4
translation,15,0.012285646104890873,0.012285647505871172,0.012285646805381023,0.011042678449671231,0.013492177835655813,1.2336124382827478e-08,7.669124890423602e-09,1.851572134844905e-08,1.0,6.103515625e-05,0.00010731456043956044,True,9,17,5
translation,15,0.014643620632414018,0.014643621222591998,0.014643620927503013,0.0135866102055834,0.015574733181709878,8.141297455517097e-09,4.348280307807719e-09,1.31342812714792e-08,1.0,6.103515625e-05,0.00010731456043956044,True,9,17,6
translation,15,0.016231748669093812,0.016231751005660894,0.016231749837377348,0.015371788530683295,0.017030478019460303,1.0547306342085598e-08,6.751984825785021e-09,1.4319100181548146e-08,1.0,6.103515625e-05,0.00010731456043956044,True,9,17,7
translation,15,0.016215758619647188,0.01621575350486491,0.016215756062256052,0.015338817591505677,0.016990502075034688,1.2813691916320943e-08,8.079456426682864e-09,1.830043792668973e-08,1.0,3.0517578125e-05,0.00010731456043956044,True,9,17,8
translation,15,0.01668986612953592,0.016689868158094128,0.016689867143815026,0.015186982769777141,0.01816384896373949,1.6145179646912904e-08,1.1325789154061073e-08,2.209885216432686e-08,1.0,6.103515625e-05,0.00010731456043956044,True,9,17,9
